Time,GHI,temp,pressure,humidity,wind_speed,rain_1h,snow_1h,clouds_all,isSun,dayLength,SunlightTime/daylength,hour,month,hour_norm,hour_sin,hour_cos,month_sin,month_cos,time_block,low_ghi,is_night,predicted_energy_kWh
2025-07-09 00:00:00,0.0,25.4,968.6,97,4.0,0.0,0,100,0,48315.75,0.47352012542493904,0,7,0.0,0.0,1.0,-0.4999999999999997,-0.8660254037844388,0,1,1,0.69439113
2025-07-09 01:00:00,0.0,25.2,968.3,98,4.7,0.0,0,100,0,48315.75,0.47352012542493904,1,7,1.0,0.25881904510252074,0.9659258262890683,-0.4999999999999997,-0.8660254037844388,0,1,1,0.6990689
2025-07-09 02:00:00,0.0,25.1,967.7,98,5.0,0.0,0,98,0,48315.75,0.47352012542493904,2,7,2.0,0.49999999999999994,0.8660254037844387,-0.4999999999999997,-0.8660254037844388,0,1,1,0.7105204
2025-07-09 03:00:00,0.0,25.1,967.7,98,4.7,0.0,0,92,0,48315.75,0.47352012542493904,3,7,3.0,0.7071067811865476,0.7071067811865476,-0.4999999999999997,-0.8660254037844388,1,1,1,0.6767403
2025-07-09 04:00:00,0.0,24.9,967.8,97,6.3,0.0,0,98,0,48315.75,0.47352012542493904,4,7,4.0,0.8660254037844386,0.5000000000000001,-0.4999999999999997,-0.8660254037844388,1,1,1,0.5624546
2025-07-09 05:00:00,0.0,25.0,968.0,97,4.8,0.0,0,100,1,48315.75,0.47352012542493904,5,7,5.0,0.9659258262890683,0.25881904510252074,-0.4999999999999997,-0.8660254037844388,2,1,0,0.70819706
2025-07-09 06:00:00,57.6,25.1,968.6,97,5.9,0.0,0,97,1,48315.75,0.47352012542493904,6,7,6.0,1.0,6.123233995736766e-17,-0.4999999999999997,-0.8660254037844388,2,0,0,2.348168
2025-07-09 07:00:00,177.1,25.8,969.1,94,4.8,0.0,0,96,1,48315.75,0.47352012542493904,7,7,7.0,0.9659258262890683,-0.25881904510252063,-0.4999999999999997,-0.8660254037844388,2,0,0,9.889931
2025-07-09 08:00:00,364.9,27.2,969.4,88,5.3,0.0,0,97,1,48315.75,0.47352012542493904,8,7,8.0,0.8660254037844387,-0.4999999999999998,-0.4999999999999997,-0.8660254037844388,2,0,0,13.635311
2025-07-09 09:00:00,485.4,28.0,969.4,85,3.5,0.0,0,100,1,48315.75,0.47352012542493904,9,7,9.0,0.7071067811865476,-0.7071067811865475,-0.4999999999999997,-0.8660254037844388,3,0,0,14.001698
2025-07-09 10:00:00,639.2,29.1,969.5,82,6.0,0.0,0,99,1,48315.75,0.47352012542493904,10,7,10.0,0.49999999999999994,-0.8660254037844387,-0.4999999999999997,-0.8660254037844388,3,0,0,11.805186
2025-07-09 11:00:00,774.0,29.8,969.1,79,9.6,0.0,0,100,1,48315.75,0.47352012542493904,11,7,11.0,0.258819045102521,-0.9659258262890682,-0.4999999999999997,-0.8660254037844388,4,0,0,13.065684
2025-07-09 12:00:00,735.4,30.4,968.6,77,10.3,0.0,0,100,1,48315.75,0.47352012542493904,12,7,12.0,1.2246467991473532e-16,-1.0,-0.4999999999999997,-0.8660254037844388,4,0,0,12.829123
2025-07-09 13:00:00,478.9,29.8,968.3,80,11.7,0.0,0,100,1,48315.75,0.47352012542493904,13,7,13.0,-0.2588190451025208,-0.9659258262890683,-0.4999999999999997,-0.8660254037844388,5,0,0,12.793056
2025-07-09 14:00:00,241.7,29.1,967.8,82,11.3,0.0,0,100,1,48315.75,0.47352012542493904,14,7,14.0,-0.4999999999999997,-0.8660254037844388,-0.4999999999999997,-0.8660254037844388,5,0,0,12.4147
2025-07-09 15:00:00,237.5,28.5,967.4,85,12.7,0.0,0,100,1,48315.75,0.47352012542493904,15,7,15.0,-0.7071067811865471,-0.7071067811865479,-0.4999999999999997,-0.8660254037844388,6,0,0,12.286785
2025-07-09 16:00:00,152.3,28.0,967.2,87,11.2,0.0,0,100,1,48315.75,0.47352012542493904,16,7,16.0,-0.8660254037844385,-0.5000000000000004,-0.4999999999999997,-0.8660254037844388,6,0,0,8.17567
2025-07-09 17:00:00,51.5,27.5,967.6,89,9.2,0.0,0,100,1,48315.75,0.47352012542493904,17,7,17.0,-0.9659258262890683,-0.25881904510252063,-0.4999999999999997,-0.8660254037844388,7,0,0,1.627219
2025-07-09 18:00:00,6.5,27.0,968.0,91,7.4,0.0,0,100,1,48315.75,0.47352012542493904,18,7,18.0,-1.0,-1.8369701987210297e-16,-0.4999999999999997,-0.8660254037844388,7,1,0,0.25740954
2025-07-09 19:00:00,0.0,26.6,968.6,92,5.5,0.0,0,100,0,48315.75,0.47352012542493904,19,7,19.0,-0.9659258262890684,0.2588190451025203,-0.4999999999999997,-0.8660254037844388,7,1,1,0.19372022
2025-07-09 20:00:00,0.0,26.3,969.1,93,6.4,0.0,0,100,0,48315.75,0.47352012542493904,20,7,20.0,-0.8660254037844386,0.5000000000000001,-0.4999999999999997,-0.8660254037844388,0,1,1,0.0
2025-07-09 21:00:00,0.0,26.1,969.4,95,9.3,0.0,0,100,0,48315.75,0.47352012542493904,21,7,21.0,-0.7071067811865477,0.7071067811865474,-0.4999999999999997,-0.8660254037844388,0,1,1,0.0
2025-07-09 22:00:00,0.0,26.0,969.6,95,9.3,0.0,0,100,0,48315.75,0.47352012542493904,22,7,22.0,-0.5000000000000004,0.8660254037844384,-0.4999999999999997,-0.8660254037844388,0,1,1,0.0
2025-07-09 23:00:00,0.0,25.8,969.4,95,8.6,0.0,0,100,0,48315.75,0.47352012542493904,23,7,23.0,-0.25881904510252157,0.9659258262890681,-0.4999999999999997,-0.8660254037844388,0,1,1,0.0
2025-07-10 00:00:00,0.0,25.7,969.1,96,8.6,0.0,0,100,0,48285.99,0.14805184692288592,0,7,0.0,0.0,1.0,-0.4999999999999997,-0.8660254037844388,0,1,1,0.14127992
2025-07-10 01:00:00,0.0,25.7,968.4,96,7.3,0.0,0,100,0,48285.99,0.14805184692288592,1,7,1.0,0.25881904510252074,0.9659258262890683,-0.4999999999999997,-0.8660254037844388,0,1,1,0.0
2025-07-10 02:00:00,0.0,25.6,968.2,96,7.2,0.0,0,100,0,48285.99,0.14805184692288592,2,7,2.0,0.49999999999999994,0.8660254037844387,-0.4999999999999997,-0.8660254037844388,0,1,1,0.0
2025-07-10 03:00:00,0.0,25.6,967.7,96,6.9,0.0,0,100,0,48285.99,0.14805184692288592,3,7,3.0,0.7071067811865476,0.7071067811865476,-0.4999999999999997,-0.8660254037844388,1,1,1,0.0
2025-07-10 04:00:00,0.0,25.5,967.4,96,9.3,0.0,0,100,0,48285.99,0.14805184692288592,4,7,4.0,0.8660254037844386,0.5000000000000001,-0.4999999999999997,-0.8660254037844388,1,1,1,0.2487798
2025-07-10 05:00:00,0.0,25.7,968.4,95,7.4,0.0,0,100,1,48285.99,0.14805184692288592,5,7,5.0,0.9659258262890683,0.25881904510252074,-0.4999999999999997,-0.8660254037844388,2,1,0,0.0
2025-07-10 06:00:00,63.9,25.9,968.7,95,8.2,0.0,0,100,1,48285.99,0.14805184692288592,6,7,6.0,1.0,6.123233995736766e-17,-0.4999999999999997,-0.8660254037844388,2,0,0,1.4590504
2025-07-10 07:00:00,154.8,26.5,969.6,93,6.6,0.0,0,100,1,48285.99,0.14805184692288592,7,7,7.0,0.9659258262890683,-0.25881904510252063,-0.4999999999999997,-0.8660254037844388,2,0,0,5.875937
2025-07-10 08:00:00,312.1,27.5,969.8,89,5.3,0.0,0,100,1,48285.99,0.14805184692288592,8,7,8.0,0.8660254037844387,-0.4999999999999998,-0.4999999999999997,-0.8660254037844388,2,0,0,11.922662
2025-07-10 09:00:00,407.9,28.3,970.0,86,6.8,0.0,0,100,1,48285.99,0.14805184692288592,9,7,9.0,0.7071067811865476,-0.7071067811865475,-0.4999999999999997,-0.8660254037844388,3,0,0,11.331104
2025-07-10 10:00:00,322.3,28.6,969.5,84,6.6,0.0,0,100,1,48285.99,0.14805184692288592,10,7,10.0,0.49999999999999994,-0.8660254037844387,-0.4999999999999997,-0.8660254037844388,3,0,0,11.279267
2025-07-10 11:00:00,72.1,26.8,970.0,93,7.7,5.7,0,100,1,48285.99,0.14805184692288592,11,7,11.0,0.258819045102521,-0.9659258262890682,-0.4999999999999997,-0.8660254037844388,4,0,0,4.0108137
2025-07-10 12:00:00,219.8,27.3,969.2,90,8.0,0.5,0,100,1,48285.99,0.14805184692288592,12,7,12.0,1.2246467991473532e-16,-1.0,-0.4999999999999997,-0.8660254037844388,4,0,0,10.991522
2025-07-10 13:00:00,558.4,28.9,968.6,86,7.9,0.0,0,100,1,48285.99,0.14805184692288592,13,7,13.0,-0.2588190451025208,-0.9659258262890683,-0.4999999999999997,-0.8660254037844388,5,0,0,11.262344
2025-07-10 14:00:00,535.9,30.0,967.9,81,10.8,0.0,0,100,1,48285.99,0.14805184692288592,14,7,14.0,-0.4999999999999997,-0.8660254037844388,-0.4999999999999997,-0.8660254037844388,5,0,0,11.928423
2025-07-10 15:00:00,331.6,30.3,967.6,77,13.4,0.0,0,100,1,48285.99,0.14805184692288592,15,7,15.0,-0.7071067811865471,-0.7071067811865479,-0.4999999999999997,-0.8660254037844388,6,0,0,12.0628395
2025-07-10 16:00:00,90.4,29.2,967.4,83,11.8,0.0,0,100,1,48285.99,0.14805184692288592,16,7,16.0,-0.8660254037844385,-0.5000000000000004,-0.4999999999999997,-0.8660254037844388,6,0,0,4.4532604
2025-07-10 17:00:00,54.4,28.7,967.1,85,7.4,0.0,0,100,1,48285.99,0.14805184692288592,17,7,17.0,-0.9659258262890683,-0.25881904510252063,-0.4999999999999997,-0.8660254037844388,7,0,0,1.8176258
2025-07-10 18:00:00,11.1,28.1,967.5,88,8.6,0.0,0,100,1,48285.99,0.14805184692288592,18,7,18.0,-1.0,-1.8369701987210297e-16,-0.4999999999999997,-0.8660254037844388,7,1,0,0.38765928
2025-07-10 19:00:00,0.0,27.5,968.0,89,8.0,0.0,0,100,0,48285.99,0.14805184692288592,19,7,19.0,-0.9659258262890684,0.2588190451025203,-0.4999999999999997,-0.8660254037844388,7,1,1,0.0
2025-07-10 20:00:00,0.0,27.3,968.6,90,8.3,0.0,0,100,0,48285.99,0.14805184692288592,20,7,20.0,-0.8660254037844386,0.5000000000000001,-0.4999999999999997,-0.8660254037844388,0,1,1,0.0
2025-07-10 21:00:00,0.0,27.1,969.5,90,10.8,0.0,0,100,0,48285.99,0.14805184692288592,21,7,21.0,-0.7071067811865477,0.7071067811865474,-0.4999999999999997,-0.8660254037844388,0,1,1,0.0
2025-07-10 22:00:00,0.0,26.8,969.6,90,12.6,0.0,0,100,0,48285.99,0.14805184692288592,22,7,22.0,-0.5000000000000004,0.8660254037844384,-0.4999999999999997,-0.8660254037844388,0,1,1,0.0
2025-07-10 23:00:00,0.0,26.5,969.1,91,10.5,0.0,0,100,0,48285.99,0.14805184692288592,23,7,23.0,-0.25881904510252157,0.9659258262890681,-0.4999999999999997,-0.8660254037844388,0,1,1,0.0
2025-07-11 00:00:00,0.0,26.3,968.3,92,10.4,0.0,0,100,0,48254.67,0.14475137846761776,0,7,0.0,0.0,1.0,-0.4999999999999997,-0.8660254037844388,0,1,1,0.08789175
2025-07-11 01:00:00,0.0,26.3,968.0,91,9.4,0.0,0,100,0,48254.67,0.14475137846761776,1,7,1.0,0.25881904510252074,0.9659258262890683,-0.4999999999999997,-0.8660254037844388,0,1,1,0.08789175
2025-07-11 02:00:00,0.0,26.2,967.5,91,10.8,0.0,0,100,0,48254.67,0.14475137846761776,2,7,2.0,0.49999999999999994,0.8660254037844387,-0.4999999999999997,-0.8660254037844388,0,1,1,0.08789175
2025-07-11 03:00:00,0.0,26.0,967.2,91,10.8,0.0,0,100,0,48254.67,0.14475137846761776,3,7,3.0,0.7071067811865476,0.7071067811865476,-0.4999999999999997,-0.8660254037844388,1,1,1,0.08077358
2025-07-11 04:00:00,0.0,26.0,967.2,91,8.6,0.0,0,100,0,48254.67,0.14475137846761776,4,7,4.0,0.8660254037844386,0.5000000000000001,-0.4999999999999997,-0.8660254037844388,1,1,1,0.0
2025-07-11 05:00:00,0.0,26.0,968.1,92,10.0,0.0,0,100,1,48254.67,0.14475137846761776,5,7,5.0,0.9659258262890683,0.25881904510252074,-0.4999999999999997,-0.8660254037844388,2,1,0,0.08726358
2025-07-11 06:00:00,48.3,26.0,968.5,92,12.9,0.0,0,100,1,48254.67,0.14475137846761776,6,7,6.0,1.0,6.123233995736766e-17,-0.4999999999999997,-0.8660254037844388,2,0,0,1.410114
2025-07-11 07:00:00,156.3,26.6,968.9,90,11.6,0.0,0,100,1,48254.67,0.14475137846761776,7,7,7.0,0.9659258262890683,-0.25881904510252063,-0.4999999999999997,-0.8660254037844388,2,0,0,5.19334
2025-07-11 08:00:00,280.4,27.3,969.2,87,11.8,0.0,0,100,1,48254.67,0.14475137846761776,8,7,8.0,0.8660254037844387,-0.4999999999999998,-0.4999999999999997,-0.8660254037844388,2,0,0,9.863937
2025-07-11 09:00:00,371.4,27.8,969.4,84,12.0,0.0,0,100,1,48254.67,0.14475137846761776,9,7,9.0,0.7071067811865476,-0.7071067811865475,-0.4999999999999997,-0.8660254037844388,3,0,0,11.678526
2025-07-11 10:00:00,524.5,29.0,969.5,79,11.5,0.0,0,100,1,48254.67,0.14475137846761776,10,7,10.0,0.49999999999999994,-0.8660254037844387,-0.4999999999999997,-0.8660254037844388,3,0,0,12.050981
2025-07-11 11:00:00,479.7,30.0,969.6,75,9.8,0.0,0,100,1,48254.67,0.14475137846761776,11,7,11.0,0.258819045102521,-0.9659258262890682,-0.4999999999999997,-0.8660254037844388,4,0,0,12.144251
2025-07-11 12:00:00,392.7,30.2,969.2,73,11.3,0.0,0,100,1,48254.67,0.14475137846761776,12,7,12.0,1.2246467991473532e-16,-1.0,-0.4999999999999997,-0.8660254037844388,4,0,0,11.662254
2025-07-11 13:00:00,201.7,29.6,968.4,76,9.7,0.0,0,100,1,48254.67,0.14475137846761776,13,7,13.0,-0.2588190451025208,-0.9659258262890683,-0.4999999999999997,-0.8660254037844388,5,0,0,11.200395
2025-07-11 14:00:00,257.7,29.6,967.8,77,12.6,0.0,0,100,1,48254.67,0.14475137846761776,14,7,14.0,-0.4999999999999997,-0.8660254037844388,-0.4999999999999997,-0.8660254037844388,5,0,0,12.046681
2025-07-11 15:00:00,199.9,29.1,967.1,79,14.8,0.0,0,100,1,48254.67,0.14475137846761776,15,7,15.0,-0.7071067811865471,-0.7071067811865479,-0.4999999999999997,-0.8660254037844388,6,0,0,11.444296
2025-07-11 16:00:00,163.2,28.7,967.0,80,16.6,0.0,0,100,1,48254.67,0.14475137846761776,16,7,16.0,-0.8660254037844385,-0.5000000000000004,-0.4999999999999997,-0.8660254037844388,6,0,0,5.96756
2025-07-11 17:00:00,52.2,29.0,967.0,78,20.3,0.0,0,100,1,48254.67,0.14475137846761776,17,7,17.0,-0.9659258262890683,-0.25881904510252063,-0.4999999999999997,-0.8660254037844388,7,0,0,1.7871044
2025-07-11 18:00:00,13.9,28.2,967.5,83,18.4,0.0,0,100,1,48254.67,0.14475137846761776,18,7,18.0,-1.0,-1.8369701987210297e-16,-0.4999999999999997,-0.8660254037844388,7,1,0,0.584629
2025-07-11 19:00:00,0.0,27.5,967.7,85,18.7,0.0,0,100,0,48254.67,0.14475137846761776,19,7,19.0,-0.9659258262890684,0.2588190451025203,-0.4999999999999997,-0.8660254037844388,7,1,1,0.0
2025-07-11 20:00:00,0.0,27.0,968.7,86,18.0,0.0,0,100,0,48254.67,0.14475137846761776,20,7,20.0,-0.8660254037844386,0.5000000000000001,-0.4999999999999997,-0.8660254037844388,0,1,1,0.0
2025-07-11 21:00:00,0.0,26.5,969.5,87,20.1,0.0,0,100,0,48254.67,0.14475137846761776,21,7,21.0,-0.7071067811865477,0.7071067811865474,-0.4999999999999997,-0.8660254037844388,0,1,1,0.0
2025-07-11 22:00:00,0.0,26.2,969.6,89,16.1,0.0,0,100,0,48254.67,0.14475137846761776,22,7,22.0,-0.5000000000000004,0.8660254037844384,-0.4999999999999997,-0.8660254037844388,0,1,1,0.0
2025-07-11 23:00:00,0.0,26.3,969.4,90,14.6,0.0,0,100,0,48254.67,0.14475137846761776,23,7,23.0,-0.25881904510252157,0.9659258262890681,-0.4999999999999997,-0.8660254037844388,0,1,1,0.0
2025-07-12 00:00:00,0.0,26.2,969.0,91,12.6,0.0,0,100,0,48221.83,0.22186652808489432,0,7,0.0,0.0,1.0,-0.4999999999999997,-0.8660254037844388,0,1,1,0.24500206
2025-07-12 01:00:00,0.0,26.0,968.7,91,13.8,0.0,0,100,0,48221.83,0.22186652808489432,1,7,1.0,0.25881904510252074,0.9659258262890683,-0.4999999999999997,-0.8660254037844388,0,1,1,0.24500206
2025-07-12 02:00:00,0.0,25.8,968.3,92,16.1,0.0,0,100,0,48221.83,0.22186652808489432,2,7,2.0,0.49999999999999994,0.8660254037844387,-0.4999999999999997,-0.8660254037844388,0,1,1,0.24500206
2025-07-12 03:00:00,0.0,25.2,968.3,94,19.2,0.3,0,100,0,48221.83,0.22186652808489432,3,7,3.0,0.7071067811865476,0.7071067811865476,-0.4999999999999997,-0.8660254037844388,1,1,1,0.22042549
2025-07-12 04:00:00,0.0,24.8,968.3,97,21.7,1.7,0,100,0,48221.83,0.22186652808489432,4,7,4.0,0.8660254037844386,0.5000000000000001,-0.4999999999999997,-0.8660254037844388,1,1,1,0.17250797
2025-07-12 05:00:00,0.0,25.0,968.4,98,10.5,9.6,0,100,1,48221.83,0.22186652808489432,5,7,5.0,0.9659258262890683,0.25881904510252074,-0.4999999999999997,-0.8660254037844388,2,1,0,0.16204265
2025-07-12 06:00:00,22.3,25.2,969.0,96,10.6,0.2,0,100,1,48221.83,0.22186652808489432,6,7,6.0,1.0,6.123233995736766e-17,-0.4999999999999997,-0.8660254037844388,2,0,0,1.2218599
2025-07-12 07:00:00,111.4,25.8,969.7,94,8.2,0.0,0,100,1,48221.83,0.22186652808489432,7,7,7.0,0.9659258262890683,-0.25881904510252063,-0.4999999999999997,-0.8660254037844388,2,0,0,2.222215
2025-07-12 08:00:00,257.0,26.7,970.3,90,10.6,0.0,0,100,1,48221.83,0.22186652808489432,8,7,8.0,0.8660254037844387,-0.4999999999999998,-0.4999999999999997,-0.8660254037844388,2,0,0,9.760432
2025-07-12 09:00:00,367.1,27.5,970.2,87,14.3,0.0,0,100,1,48221.83,0.22186652808489432,9,7,9.0,0.7071067811865476,-0.7071067811865475,-0.4999999999999997,-0.8660254037844388,3,0,0,11.612778
2025-07-12 10:00:00,337.3,28.1,969.9,85,16.6,0.0,0,100,1,48221.83,0.22186652808489432,10,7,10.0,0.49999999999999994,-0.8660254037844387,-0.4999999999999997,-0.8660254037844388,3,0,0,11.608396
2025-07-12 11:00:00,333.6,29.5,970.4,76,18.0,0.0,0,100,1,48221.83,0.22186652808489432,11,7,11.0,0.258819045102521,-0.9659258262890682,-0.4999999999999997,-0.8660254037844388,4,0,0,12.204759
2025-07-12 12:00:00,529.6,30.3,969.9,72,16.2,0.0,0,100,1,48221.83,0.22186652808489432,12,7,12.0,1.2246467991473532e-16,-1.0,-0.4999999999999997,-0.8660254037844388,4,0,0,12.032348
2025-07-12 13:00:00,404.3,29.6,969.5,75,18.0,0.0,0,100,1,48221.83,0.22186652808489432,13,7,13.0,-0.2588190451025208,-0.9659258262890683,-0.4999999999999997,-0.8660254037844388,5,0,0,12.067257
2025-07-12 14:00:00,422.5,30.3,968.6,70,15.9,0.0,0,100,1,48221.83,0.22186652808489432,14,7,14.0,-0.4999999999999997,-0.8660254037844388,-0.4999999999999997,-0.8660254037844388,5,0,0,12.143724
2025-07-12 15:00:00,315.5,30.3,968.2,71,17.3,0.0,0,100,1,48221.83,0.22186652808489432,15,7,15.0,-0.7071067811865471,-0.7071067811865479,-0.4999999999999997,-0.8660254037844388,6,0,0,12.173236
2025-07-12 16:00:00,202.5,29.7,967.8,74,19.0,0.0,0,100,1,48221.83,0.22186652808489432,16,7,16.0,-0.8660254037844385,-0.5000000000000004,-0.4999999999999997,-0.8660254037844388,6,0,0,9.508597
2025-07-12 17:00:00,102.9,30.5,968.2,74,11.8,0.0,0,100,1,48221.83,0.22186652808489432,17,7,17.0,-0.9659258262890683,-0.25881904510252063,-0.4999999999999997,-0.8660254037844388,7,0,0,2.6470397
2025-07-12 18:00:00,17.7,29.0,968.1,80,11.6,0.0,0,100,1,48221.83,0.22186652808489432,18,7,18.0,-1.0,-1.8369701987210297e-16,-0.4999999999999997,-0.8660254037844388,7,0,0,0.7702145
2025-07-12 19:00:00,0.0,28.5,968.9,83,11.2,0.0,0,100,0,48221.83,0.22186652808489432,19,7,19.0,-0.9659258262890684,0.2588190451025203,-0.4999999999999997,-0.8660254037844388,7,1,1,0.0
2025-07-12 20:00:00,0.0,28.1,969.8,85,11.6,0.0,0,100,0,48221.83,0.22186652808489432,20,7,20.0,-0.8660254037844386,0.5000000000000001,-0.4999999999999997,-0.8660254037844388,0,1,1,0.0
2025-07-12 21:00:00,0.0,27.7,970.5,88,12.7,0.0,0,100,0,48221.83,0.22186652808489432,21,7,21.0,-0.7071067811865477,0.7071067811865474,-0.4999999999999997,-0.8660254037844388,0,1,1,0.0
2025-07-12 22:00:00,0.0,27.3,970.8,89,13.7,0.0,0,100,0,48221.83,0.22186652808489432,22,7,22.0,-0.5000000000000004,0.8660254037844384,-0.4999999999999997,-0.8660254037844388,0,1,1,0.0
2025-07-12 23:00:00,0.0,27.4,970.6,88,9.7,0.0,0,100,0,48221.83,0.22186652808489432,23,7,23.0,-0.25881904510252157,0.9659258262890681,-0.4999999999999997,-0.8660254037844388,0,1,1,0.0
2025-07-13 00:00:00,0.0,27.1,970.4,89,9.3,0.0,0,100,0,48187.52,0.24882272422403146,0,7,0.0,0.0,1.0,-0.4999999999999997,-0.8660254037844388,0,1,1,0.259217
2025-07-13 01:00:00,0.0,26.9,969.6,89,10.5,0.0,0,100,0,48187.52,0.24882272422403146,1,7,1.0,0.25881904510252074,0.9659258262890683,-0.4999999999999997,-0.8660254037844388,0,1,1,0.259217
2025-07-13 02:00:00,0.0,26.7,969.3,90,11.9,0.0,0,100,0,48187.52,0.24882272422403146,2,7,2.0,0.49999999999999994,0.8660254037844387,-0.4999999999999997,-0.8660254037844388,0,1,1,0.259217
2025-07-13 03:00:00,0.0,26.5,968.9,90,8.6,0.0,0,100,0,48187.52,0.24882272422403146,3,7,3.0,0.7071067811865476,0.7071067811865476,-0.4999999999999997,-0.8660254037844388,1,1,1,0.1374808
2025-07-13 04:00:00,0.0,26.4,968.8,90,7.6,0.0,0,100,0,48187.52,0.24882272422403146,4,7,4.0,0.8660254037844386,0.5000000000000001,-0.4999999999999997,-0.8660254037844388,1,1,1,0.042920098
2025-07-13 05:00:00,0.0,26.4,969.4,91,6.8,0.0,0,100,1,48187.52,0.24882272422403146,5,7,5.0,0.9659258262890683,0.25881904510252074,-0.4999999999999997,-0.8660254037844388,2,1,0,0.15507154
2025-07-13 06:00:00,79.5,26.5,969.9,91,7.1,0.0,0,100,1,48187.52,0.24882272422403146,6,7,6.0,1.0,6.123233995736766e-17,-0.4999999999999997,-0.8660254037844388,2,0,0,2.8824878
2025-07-13 07:00:00,213.7,27.4,970.5,87,6.4,0.0,0,100,1,48187.52,0.24882272422403146,7,7,7.0,0.9659258262890683,-0.25881904510252063,-0.4999999999999997,-0.8660254037844388,2,0,0,9.126485
2025-07-13 08:00:00,247.7,27.8,971.0,83,9.0,0.0,0,100,1,48187.52,0.24882272422403146,8,7,8.0,0.8660254037844387,-0.4999999999999998,-0.4999999999999997,-0.8660254037844388,2,0,0,9.8948345
2025-07-13 09:00:00,288.4,28.2,970.9,81,8.4,0.0,0,100,1,48187.52,0.24882272422403146,9,7,9.0,0.7071067811865476,-0.7071067811865475,-0.4999999999999997,-0.8660254037844388,3,0,0,11.740078
2025-07-13 10:00:00,370.3,29.0,970.9,77,8.9,0.0,0,100,1,48187.52,0.24882272422403146,10,7,10.0,0.49999999999999994,-0.8660254037844387,-0.4999999999999997,-0.8660254037844388,3,0,0,12.009367
2025-07-13 11:00:00,540.6,30.2,970.7,73,7.1,0.0,0,100,1,48187.52,0.24882272422403146,11,7,11.0,0.258819045102521,-0.9659258262890682,-0.4999999999999997,-0.8660254037844388,4,0,0,11.846621
2025-07-13 12:00:00,606.6,31.1,970.2,69,9.0,0.0,0,100,1,48187.52,0.24882272422403146,12,7,12.0,1.2246467991473532e-16,-1.0,-0.4999999999999997,-0.8660254037844388,4,0,0,12.142914
2025-07-13 13:00:00,570.1,31.4,969.6,70,10.3,0.0,0,100,1,48187.52,0.24882272422403146,13,7,13.0,-0.2588190451025208,-0.9659258262890683,-0.4999999999999997,-0.8660254037844388,5,0,0,12.07708
2025-07-13 14:00:00,491.9,31.6,969.1,70,11.7,0.0,0,100,1,48187.52,0.24882272422403146,14,7,14.0,-0.4999999999999997,-0.8660254037844388,-0.4999999999999997,-0.8660254037844388,5,0,0,12.143724
2025-07-13 15:00:00,322.6,31.1,968.5,72,10.9,0.0,0,100,1,48187.52,0.24882272422403146,15,7,15.0,-0.7071067811865471,-0.7071067811865479,-0.4999999999999997,-0.8660254037844388,6,0,0,12.173236
2025-07-13 16:00:00,212.5,30.7,967.7,74,12.8,0.0,0,100,1,48187.52,0.24882272422403146,16,7,16.0,-0.8660254037844385,-0.5000000000000004,-0.4999999999999997,-0.8660254037844388,6,0,0,10.510157
2025-07-13 17:00:00,89.1,30.7,967.6,77,10.7,0.0,0,100,1,48187.52,0.24882272422403146,17,7,17.0,-0.9659258262890683,-0.25881904510252063,-0.4999999999999997,-0.8660254037844388,7,0,0,2.9617336
2025-07-13 18:00:00,14.7,29.2,967.8,84,13.2,0.0,0,100,1,48187.52,0.24882272422403146,18,7,18.0,-1.0,-1.8369701987210297e-16,-0.4999999999999997,-0.8660254037844388,7,1,0,1.1662728
2025-07-13 19:00:00,0.0,28.4,968.9,85,11.5,0.0,0,100,0,48187.52,0.24882272422403146,19,7,19.0,-0.9659258262890684,0.2588190451025203,-0.4999999999999997,-0.8660254037844388,7,1,1,0.0
2025-07-13 20:00:00,0.0,28.1,970.0,86,9.8,0.0,0,100,0,48187.52,0.24882272422403146,20,7,20.0,-0.8660254037844386,0.5000000000000001,-0.4999999999999997,-0.8660254037844388,0,1,1,0.0
2025-07-13 21:00:00,0.0,27.9,970.6,88,11.7,0.0,0,100,0,48187.52,0.24882272422403146,21,7,21.0,-0.7071067811865477,0.7071067811865474,-0.4999999999999997,-0.8660254037844388,0,1,1,0.0
2025-07-13 22:00:00,0.0,27.7,970.5,89,12.0,0.0,0,100,0,48187.52,0.24882272422403146,22,7,22.0,-0.5000000000000004,0.8660254037844384,-0.4999999999999997,-0.8660254037844388,0,1,1,0.0
2025-07-13 23:00:00,0.0,27.7,970.4,89,9.7,0.0,0,100,0,48187.52,0.24882272422403146,23,7,23.0,-0.25881904510252157,0.9659258262890681,-0.4999999999999997,-0.8660254037844388,0,1,1,0.0
2025-07-14 00:00:00,0.0,27.4,969.7,89,8.7,0.0,0,100,0,48151.81,0.0,0,7,0.0,0.0,1.0,-0.4999999999999997,-0.8660254037844388,0,1,1,0.0
2025-07-14 01:00:00,0.0,27.1,969.2,89,9.4,0.0,0,100,0,48151.81,0.0,1,7,1.0,0.25881904510252074,0.9659258262890683,-0.4999999999999997,-0.8660254037844388,0,1,1,0.0
2025-07-14 02:00:00,0.0,26.9,968.7,89,9.5,0.0,0,100,0,48151.81,0.0,2,7,2.0,0.49999999999999994,0.8660254037844387,-0.4999999999999997,-0.8660254037844388,0,1,1,0.0
2025-07-14 03:00:00,0.0,26.8,968.4,89,9.7,0.0,0,100,0,48151.81,0.0,3,7,3.0,0.7071067811865476,0.7071067811865476,-0.4999999999999997,-0.8660254037844388,1,1,1,0.0
2025-07-14 04:00:00,0.0,26.6,968.5,90,8.3,0.0,0,100,0,48151.81,0.0,4,7,4.0,0.8660254037844386,0.5000000000000001,-0.4999999999999997,-0.8660254037844388,1,1,1,0.0
2025-07-14 05:00:00,0.0,26.7,968.9,90,10.9,0.0,0,100,1,48151.81,0.0,5,7,5.0,0.9659258262890683,0.25881904510252074,-0.4999999999999997,-0.8660254037844388,2,1,0,0.0
2025-07-14 06:00:00,49.3,26.8,970.0,90,10.5,0.0,0,100,1,48151.81,0.0,6,7,6.0,1.0,6.123233995736766e-17,-0.4999999999999997,-0.8660254037844388,2,0,0,1.3107271
2025-07-14 07:00:00,118.3,27.2,970.5,89,10.2,0.0,0,100,1,48151.81,0.0,7,7,7.0,0.9659258262890683,-0.25881904510252063,-0.4999999999999997,-0.8660254037844388,2,0,0,2.6512773
2025-07-14 08:00:00,232.4,27.8,971.0,86,8.9,0.0,0,100,1,48151.81,0.0,8,7,8.0,0.8660254037844387,-0.4999999999999998,-0.4999999999999997,-0.8660254037844388,2,0,0,9.831138
2025-07-14 09:00:00,324.0,28.2,970.8,83,10.2,0.0,0,100,1,48151.81,0.0,9,7,9.0,0.7071067811865476,-0.7071067811865475,-0.4999999999999997,-0.8660254037844388,3,0,0,11.678526
2025-07-14 10:00:00,435.3,28.9,970.5,80,10.2,0.0,0,100,1,48151.81,0.0,10,7,10.0,0.49999999999999994,-0.8660254037844387,-0.4999999999999997,-0.8660254037844388,3,0,0,11.940443
2025-07-14 11:00:00,476.8,29.8,970.6,77,8.6,0.0,0,100,1,48151.81,0.0,11,7,11.0,0.258819045102521,-0.9659258262890682,-0.4999999999999997,-0.8660254037844388,4,0,0,12.01379
2025-07-14 12:00:00,426.8,30.0,970.1,76,10.2,0.0,0,100,1,48151.81,0.0,12,7,12.0,1.2246467991473532e-16,-1.0,-0.4999999999999997,-0.8660254037844388,4,0,0,11.924074
2025-07-14 13:00:00,416.0,30.3,969.4,73,11.5,0.0,0,100,1,48151.81,0.0,13,7,13.0,-0.2588190451025208,-0.9659258262890683,-0.4999999999999997,-0.8660254037844388,5,0,0,11.718217
2025-07-14 14:00:00,320.4,30.4,968.6,73,10.8,0.0,0,100,1,48151.81,0.0,14,7,14.0,-0.4999999999999997,-0.8660254037844388,-0.4999999999999997,-0.8660254037844388,5,0,0,11.784862
2025-07-14 15:00:00,276.9,30.3,967.9,75,12.5,0.0,0,100,1,48151.81,0.0,15,7,15.0,-0.7071067811865471,-0.7071067811865479,-0.4999999999999997,-0.8660254037844388,6,0,0,12.0628395
2025-07-14 16:00:00,134.7,29.8,967.4,77,11.5,0.0,0,100,1,48151.81,0.0,16,7,16.0,-0.8660254037844385,-0.5000000000000004,-0.4999999999999997,-0.8660254037844388,6,0,0,4.6042376
2025-07-14 17:00:00,78.1,29.5,967.8,81,9.0,0.0,0,100,1,48151.81,0.0,17,7,17.0,-0.9659258262890683,-0.25881904510252063,-0.4999999999999997,-0.8660254037844388,7,0,0,2.490002
2025-07-14 18:00:00,13.2,28.8,968.5,85,3.9,0.0,0,100,1,48151.81,0.0,18,7,18.0,-1.0,-1.8369701987210297e-16,-0.4999999999999997,-0.8660254037844388,7,1,0,0.50963295
2025-07-14 19:00:00,0.0,28.6,969.3,86,3.2,0.0,0,100,0,48151.81,0.0,19,7,19.0,-0.9659258262890684,0.2588190451025203,-0.4999999999999997,-0.8660254037844388,7,1,1,0.04873638
2025-07-14 20:00:00,0.0,28.3,970.2,86,2.4,0.0,0,100,0,48151.81,0.0,20,7,20.0,-0.8660254037844386,0.5000000000000001,-0.4999999999999997,-0.8660254037844388,0,1,1,0.046989862
2025-07-14 21:00:00,0.0,27.8,970.7,89,1.9,0.0,0,100,0,48151.81,0.0,21,7,21.0,-0.7071067811865477,0.7071067811865474,-0.4999999999999997,-0.8660254037844388,0,1,1,0.046989862
2025-07-14 22:00:00,0.0,27.6,970.7,91,1.9,0.0,0,100,0,48151.81,0.0,22,7,22.0,-0.5000000000000004,0.8660254037844384,-0.4999999999999997,-0.8660254037844388,0,1,1,0.046989862
2025-07-14 23:00:00,0.0,27.8,970.2,90,4.0,0.0,0,100,0,48151.81,0.0,23,7,23.0,-0.25881904510252157,0.9659258262890681,-0.4999999999999997,-0.8660254037844388,0,1,1,0.046989862
2025-07-15 00:00:00,0.0,27.2,969.5,91,8.8,0.0,0,100,0,48114.73,5.777856386183607e-05,0,7,0.0,0.0,1.0,-0.4999999999999997,-0.8660254037844388,0,1,1,0.0
2025-07-15 01:00:00,0.0,26.6,969.2,93,8.9,0.0,0,100,0,48114.73,5.777856386183607e-05,1,7,1.0,0.25881904510252074,0.9659258262890683,-0.4999999999999997,-0.8660254037844388,0,1,1,0.0
2025-07-15 02:00:00,0.0,26.2,968.6,94,6.0,0.0,0,100,0,48114.73,5.777856386183607e-05,2,7,2.0,0.49999999999999994,0.8660254037844387,-0.4999999999999997,-0.8660254037844388,0,1,1,0.0
2025-07-15 03:00:00,0.0,26.0,968.5,94,3.7,0.0,0,100,0,48114.73,5.777856386183607e-05,3,7,3.0,0.7071067811865476,0.7071067811865476,-0.4999999999999997,-0.8660254037844388,1,1,1,0.03239236
2025-07-15 04:00:00,0.0,26.0,968.2,94,5.4,0.0,0,100,0,48114.73,5.777856386183607e-05,4,7,4.0,0.8660254037844386,0.5000000000000001,-0.4999999999999997,-0.8660254037844388,1,1,1,0.04517684
2025-07-15 05:00:00,0.0,26.3,969.2,95,6.1,0.0,0,100,1,48114.73,5.777856386183607e-05,5,7,5.0,0.9659258262890683,0.25881904510252074,-0.4999999999999997,-0.8660254037844388,2,1,0,0.0
2025-07-15 06:00:00,43.4,26.2,969.6,95,6.1,0.0,0,100,1,48114.73,5.777856386183607e-05,6,7,6.0,1.0,6.123233995736766e-17,-0.4999999999999997,-0.8660254037844388,2,0,0,1.4478511
2025-07-15 07:00:00,99.8,26.5,970.2,93,4.9,0.0,0,100,1,48114.73,5.777856386183607e-05,7,7,7.0,0.9659258262890683,-0.25881904510252063,-0.4999999999999997,-0.8660254037844388,2,0,0,3.4861517
2025-07-15 08:00:00,184.1,27.0,970.6,92,5.8,0.0,0,100,1,48114.73,5.777856386183607e-05,8,7,8.0,0.8660254037844387,-0.4999999999999998,-0.4999999999999997,-0.8660254037844388,2,0,0,8.70389
2025-07-15 09:00:00,244.1,27.6,971.0,90,8.0,0.0,0,100,1,48114.73,5.777856386183607e-05,9,7,9.0,0.7071067811865476,-0.7071067811865475,-0.4999999999999997,-0.8660254037844388,3,0,0,11.556517
2025-07-15 10:00:00,321.5,28.0,970.5,87,10.0,0.0,0,100,1,48114.73,5.777856386183607e-05,10,7,10.0,0.49999999999999994,-0.8660254037844387,-0.4999999999999997,-0.8660254037844388,3,0,0,11.642283
2025-07-15 11:00:00,280.1,29.4,970.1,82,9.2,0.0,0,100,1,48114.73,5.777856386183607e-05,11,7,11.0,0.258819045102521,-0.9659258262890682,-0.4999999999999997,-0.8660254037844388,4,0,0,11.767869
2025-07-15 12:00:00,414.8,29.8,969.2,79,9.0,0.0,0,100,1,48114.73,5.777856386183607e-05,12,7,12.0,1.2246467991473532e-16,-1.0,-0.4999999999999997,-0.8660254037844388,4,0,0,11.965049
2025-07-15 13:00:00,335.5,29.9,968.7,79,7.7,0.0,0,100,1,48114.73,5.777856386183607e-05,13,7,13.0,-0.2588190451025208,-0.9659258262890683,-0.4999999999999997,-0.8660254037844388,5,0,0,11.684546
2025-07-15 14:00:00,301.7,29.5,968.2,81,8.7,0.0,0,100,1,48114.73,5.777856386183607e-05,14,7,14.0,-0.4999999999999997,-0.8660254037844388,-0.4999999999999997,-0.8660254037844388,5,0,0,11.779517
2025-07-15 15:00:00,144.3,29.3,967.5,83,5.7,0.0,0,100,1,48114.73,5.777856386183607e-05,15,7,15.0,-0.7071067811865471,-0.7071067811865479,-0.4999999999999997,-0.8660254037844388,6,0,0,6.702554
2025-07-15 16:00:00,158.9,29.5,967.1,82,4.5,0.0,0,100,1,48114.73,5.777856386183607e-05,16,7,16.0,-0.8660254037844385,-0.5000000000000004,-0.4999999999999997,-0.8660254037844388,6,0,0,5.3196507
2025-07-15 17:00:00,59.3,28.4,967.3,86,2.4,0.0,0,100,1,48114.73,5.777856386183607e-05,17,7,17.0,-0.9659258262890683,-0.25881904510252063,-0.4999999999999997,-0.8660254037844388,7,0,0,1.9371784
2025-07-15 18:00:00,13.1,28.1,967.8,90,2.2,0.0,0,100,1,48114.73,5.777856386183607e-05,18,7,18.0,-1.0,-1.8369701987210297e-16,-0.4999999999999997,-0.8660254037844388,7,1,0,0.50963295
2025-07-15 19:00:00,0.0,27.5,968.2,93,1.8,0.0,0,100,0,48114.73,5.777856386183607e-05,19,7,19.0,-0.9659258262890684,0.2588190451025203,-0.4999999999999997,-0.8660254037844388,7,1,1,0.04873638
2025-07-15 20:00:00,0.0,27.2,968.9,95,1.8,0.0,0,100,0,48114.73,5.777856386183607e-05,20,7,20.0,-0.8660254037844386,0.5000000000000001,-0.4999999999999997,-0.8660254037844388,0,1,1,0.039510515
2025-07-15 21:00:00,0.0,27.0,969.5,96,1.8,0.0,0,100,0,48114.73,5.777856386183607e-05,21,7,21.0,-0.7071067811865477,0.7071067811865474,-0.4999999999999997,-0.8660254037844388,0,1,1,0.039510515
2025-07-15 22:00:00,0.0,27.1,969.9,95,4.0,0.0,0,100,0,48114.73,5.777856386183607e-05,22,7,22.0,-0.5000000000000004,0.8660254037844384,-0.4999999999999997,-0.8660254037844388,0,1,1,0.039510515
2025-07-15 23:00:00,0.0,27.2,970.0,93,5.6,0.0,0,100,0,48114.73,5.777856386183607e-05,23,7,23.0,-0.25881904510252157,0.9659258262890681,-0.4999999999999997,-0.8660254037844388,0,1,1,0.052294996
2025-07-16 00:00:00,0.0,27.0,969.4,93,7.2,0.0,0,100,0,48076.34,0.029080832692338892,0,7,0.0,0.0,1.0,-0.4999999999999997,-0.8660254037844388,0,1,1,0.0
2025-07-16 01:00:00,0.0,26.5,969.1,94,10.7,0.0,0,100,0,48076.34,0.029080832692338892,1,7,1.0,0.25881904510252074,0.9659258262890683,-0.4999999999999997,-0.8660254037844388,0,1,1,0.0
2025-07-16 02:00:00,0.0,26.1,968.8,94,12.2,0.0,0,100,0,48076.34,0.029080832692338892,2,7,2.0,0.49999999999999994,0.8660254037844387,-0.4999999999999997,-0.8660254037844388,0,1,1,0.0
2025-07-16 03:00:00,0.0,25.8,968.5,95,13.7,0.0,0,100,0,48076.34,0.029080832692338892,3,7,3.0,0.7071067811865476,0.7071067811865476,-0.4999999999999997,-0.8660254037844388,1,1,1,0.0
2025-07-16 04:00:00,0.0,25.6,968.5,95,11.1,0.1,0,100,0,48076.34,0.029080832692338892,4,7,4.0,0.8660254037844386,0.5000000000000001,-0.4999999999999997,-0.8660254037844388,1,1,1,0.0
2025-07-16 05:00:00,0.0,25.8,969.3,95,10.5,0.1,0,100,1,48076.34,0.029080832692338892,5,7,5.0,0.9659258262890683,0.25881904510252074,-0.4999999999999997,-0.8660254037844388,2,1,0,0.0
2025-07-16 06:00:00,25.0,25.6,969.8,94,10.5,0.0,0,100,1,48076.34,0.029080832692338892,6,7,6.0,1.0,6.123233995736766e-17,-0.4999999999999997,-0.8660254037844388,2,0,0,0.6709174
2025-07-16 07:00:00,78.6,25.9,969.9,93,8.7,0.0,0,100,1,48076.34,0.029080832692338892,7,7,7.0,0.9659258262890683,-0.25881904510252063,-0.4999999999999997,-0.8660254037844388,2,0,0,2.3877175
2025-07-16 08:00:00,189.0,26.5,970.1,90,11.5,0.0,0,100,1,48076.34,0.029080832692338892,8,7,8.0,0.8660254037844387,-0.4999999999999998,-0.4999999999999997,-0.8660254037844388,2,0,0,9.561243
2025-07-16 09:00:00,309.7,27.4,970.2,87,12.2,0.0,0,100,1,48076.34,0.029080832692338892,9,7,9.0,0.7071067811865476,-0.7071067811865475,-0.4999999999999997,-0.8660254037844388,3,0,0,11.662596
2025-07-16 10:00:00,381.2,27.9,969.9,85,9.7,0.0,0,100,1,48076.34,0.029080832692338892,10,7,10.0,0.49999999999999994,-0.8660254037844387,-0.4999999999999997,-0.8660254037844388,3,0,0,11.682803
2025-07-16 11:00:00,508.8,29.1,969.9,80,6.3,0.0,0,100,1,48076.34,0.029080832692338892,11,7,11.0,0.258819045102521,-0.9659258262890682,-0.4999999999999997,-0.8660254037844388,4,0,0,11.245128
2025-07-16 12:00:00,507.8,30.0,969.1,76,9.2,0.0,0,100,1,48076.34,0.029080832692338892,12,7,12.0,1.2246467991473532e-16,-1.0,-0.4999999999999997,-0.8660254037844388,4,0,0,11.948664
2025-07-16 13:00:00,289.0,29.9,968.5,78,9.2,0.0,0,100,1,48076.34,0.029080832692338892,13,7,13.0,-0.2588190451025208,-0.9659258262890683,-0.4999999999999997,-0.8660254037844388,5,0,0,12.004626
2025-07-16 14:00:00,158.3,29.2,967.9,81,8.3,0.0,0,100,1,48076.34,0.029080832692338892,14,7,14.0,-0.4999999999999997,-0.8660254037844388,-0.4999999999999997,-0.8660254037844388,5,0,0,7.1241465
2025-07-16 15:00:00,113.8,28.8,967.8,83,7.6,0.0,0,100,1,48076.34,0.029080832692338892,15,7,15.0,-0.7071067811865471,-0.7071067811865479,-0.4999999999999997,-0.8660254037844388,6,0,0,5.9977756
2025-07-16 16:00:00,63.5,28.1,967.5,87,10.7,0.0,0,100,1,48076.34,0.029080832692338892,16,7,16.0,-0.8660254037844385,-0.5000000000000004,-0.4999999999999997,-0.8660254037844388,6,0,0,2.899214
2025-07-16 17:00:00,54.9,27.9,967.7,89,9.0,0.0,0,100,1,48076.34,0.029080832692338892,17,7,17.0,-0.9659258262890683,-0.25881904510252063,-0.4999999999999997,-0.8660254037844388,7,0,0,1.8547899
2025-07-16 18:00:00,13.4,27.6,968.5,90,10.8,0.0,0,100,1,48076.34,0.029080832692338892,18,7,18.0,-1.0,-1.8369701987210297e-16,-0.4999999999999997,-0.8660254037844388,7,1,0,0.2510732
2025-07-16 19:00:00,0.0,27.3,969.4,92,12.8,0.0,0,100,0,48076.34,0.029080832692338892,19,7,19.0,-0.9659258262890684,0.2588190451025203,-0.4999999999999997,-0.8660254037844388,7,1,1,0.0
2025-07-16 20:00:00,0.0,27.1,969.9,93,12.0,0.0,0,100,0,48076.34,0.029080832692338892,20,7,20.0,-0.8660254037844386,0.5000000000000001,-0.4999999999999997,-0.8660254037844388,0,1,1,0.0
2025-07-16 21:00:00,0.0,26.9,970.3,92,12.0,0.0,0,100,0,48076.34,0.029080832692338892,21,7,21.0,-0.7071067811865477,0.7071067811865474,-0.4999999999999997,-0.8660254037844388,0,1,1,0.0
2025-07-16 22:00:00,0.0,26.7,970.4,92,13.0,0.0,0,100,0,48076.34,0.029080832692338892,22,7,22.0,-0.5000000000000004,0.8660254037844384,-0.4999999999999997,-0.8660254037844388,0,1,1,0.0
2025-07-16 23:00:00,0.0,26.5,970.2,92,11.5,0.0,0,100,0,48076.34,0.029080832692338892,23,7,23.0,-0.25881904510252157,0.9659258262890681,-0.4999999999999997,-0.8660254037844388,0,1,1,0.0
2025-07-17 00:00:00,0.0,26.3,970.0,93,8.6,0.0,0,100,0,48036.68,0.2620389252546179,0,7,0.0,0.0,1.0,-0.4999999999999997,-0.8660254037844388,0,1,1,0.25915554
2025-07-17 01:00:00,0.0,26.1,969.9,94,9.2,0.0,0,100,0,48036.68,0.2620389252546179,1,7,1.0,0.25881904510252074,0.9659258262890683,-0.4999999999999997,-0.8660254037844388,0,1,1,0.3737735
2025-07-17 02:00:00,0.0,25.9,969.7,95,12.5,0.0,0,100,0,48036.68,0.2620389252546179,2,7,2.0,0.49999999999999994,0.8660254037844387,-0.4999999999999997,-0.8660254037844388,0,1,1,0.3737735
2025-07-17 03:00:00,0.0,25.6,969.7,95,11.4,0.0,0,100,0,48036.68,0.2620389252546179,3,7,3.0,0.7071067811865476,0.7071067811865476,-0.4999999999999997,-0.8660254037844388,1,1,1,0.36665535
2025-07-17 04:00:00,0.0,25.5,969.9,95,11.9,0.0,0,100,0,48036.68,0.2620389252546179,4,7,4.0,0.8660254037844386,0.5000000000000001,-0.4999999999999997,-0.8660254037844388,1,1,1,0.36665535
2025-07-17 05:00:00,0.0,25.5,970.3,95,11.9,0.0,0,100,1,48036.68,0.2620389252546179,5,7,5.0,0.9659258262890683,0.25881904510252074,-0.4999999999999997,-0.8660254037844388,2,1,0,0.38290167
2025-07-17 06:00:00,37.8,25.5,971.0,95,12.5,0.0,0,100,1,48036.68,0.2620389252546179,6,7,6.0,1.0,6.123233995736766e-17,-0.4999999999999997,-0.8660254037844388,2,0,0,1.9023557
2025-07-17 07:00:00,104.0,25.7,971.5,93,9.5,0.0,0,100,1,48036.68,0.2620389252546179,7,7,7.0,0.9659258262890683,-0.25881904510252063,-0.4999999999999997,-0.8660254037844388,2,0,0,3.062751
2025-07-17 08:00:00,191.4,26.4,971.8,90,10.0,0.0,0,100,1,48036.68,0.2620389252546179,8,7,8.0,0.8660254037844387,-0.4999999999999998,-0.4999999999999997,-0.8660254037844388,2,0,0,9.797194
2025-07-17 09:00:00,294.2,27.1,971.8,89,10.8,0.0,0,100,1,48036.68,0.2620389252546179,9,7,9.0,0.7071067811865476,-0.7071067811865475,-0.4999999999999997,-0.8660254037844388,3,0,0,11.605438
2025-07-17 10:00:00,465.3,28.0,971.7,85,10.1,0.0,0,100,1,48036.68,0.2620389252546179,10,7,10.0,0.49999999999999994,-0.8660254037844387,-0.4999999999999997,-0.8660254037844388,3,0,0,11.608396
2025-07-17 11:00:00,571.7,29.1,971.6,81,8.0,0.0,0,100,1,48036.68,0.2620389252546179,11,7,11.0,0.258819045102521,-0.9659258262890682,-0.4999999999999997,-0.8660254037844388,4,0,0,12.034006
2025-07-17 12:00:00,581.8,29.8,971.3,79,7.2,0.0,0,100,1,48036.68,0.2620389252546179,12,7,12.0,1.2246467991473532e-16,-1.0,-0.4999999999999997,-0.8660254037844388,4,0,0,11.903389
2025-07-17 13:00:00,489.7,30.2,970.7,76,8.7,0.0,0,100,1,48036.68,0.2620389252546179,13,7,13.0,-0.2588190451025208,-0.9659258262890683,-0.4999999999999997,-0.8660254037844388,5,0,0,11.931415
2025-07-17 14:00:00,349.4,30.2,970.4,76,8.7,0.0,0,100,1,48036.68,0.2620389252546179,14,7,14.0,-0.4999999999999997,-0.8660254037844388,-0.4999999999999997,-0.8660254037844388,5,0,0,11.998059
2025-07-17 15:00:00,197.1,29.0,970.3,80,14.6,0.0,0,100,1,48036.68,0.2620389252546179,15,7,15.0,-0.7071067811865471,-0.7071067811865479,-0.4999999999999997,-0.8660254037844388,6,0,0,11.2247715
2025-07-17 16:00:00,46.8,27.8,970.3,86,12.3,0.0,0,100,1,48036.68,0.2620389252546179,16,7,16.0,-0.8660254037844385,-0.5000000000000004,-0.4999999999999997,-0.8660254037844388,6,0,0,2.6165192
2025-07-17 17:00:00,39.0,27.5,970.6,89,6.9,0.0,0,100,1,48036.68,0.2620389252546179,17,7,17.0,-0.9659258262890683,-0.25881904510252063,-0.4999999999999997,-0.8660254037844388,7,0,0,2.167518
2025-07-17 18:00:00,8.8,27.4,970.8,90,3.7,0.0,0,100,1,48036.68,0.2620389252546179,18,7,18.0,-1.0,-1.8369701987210297e-16,-0.4999999999999997,-0.8660254037844388,7,1,0,0.7155179
2025-07-17 19:00:00,0.0,27.1,971.5,92,4.7,0.0,0,100,0,48036.68,0.2620389252546179,19,7,19.0,-0.9659258262890684,0.2588190451025203,-0.4999999999999997,-0.8660254037844388,7,1,1,0.1423557
2025-07-17 20:00:00,0.0,26.9,972.0,93,5.4,0.0,0,100,0,48036.68,0.2620389252546179,20,7,20.0,-0.8660254037844386,0.5000000000000001,-0.4999999999999997,-0.8660254037844388,0,1,1,0.14956813
2025-07-17 21:00:00,0.0,26.7,972.8,94,6.6,0.0,0,100,0,48036.68,0.2620389252546179,21,7,21.0,-0.7071067811865477,0.7071067811865474,-0.4999999999999997,-0.8660254037844388,0,1,1,0.0
2025-07-17 22:00:00,0.0,26.4,973.1,94,6.0,0.0,0,100,0,48036.68,0.2620389252546179,22,7,22.0,-0.5000000000000004,0.8660254037844384,-0.4999999999999997,-0.8660254037844388,0,1,1,0.0
2025-07-17 23:00:00,0.0,26.1,972.9,95,4.9,0.0,0,100,0,48036.68,0.2620389252546179,23,7,23.0,-0.25881904510252157,0.9659258262890681,-0.4999999999999997,-0.8660254037844388,0,1,1,0.14599021
2025-07-18 00:00:00,0.0,25.8,972.5,95,4.6,0.0,0,100,0,47995.82,0.6461296004527061,0,7,0.0,0.0,1.0,-0.4999999999999997,-0.8660254037844388,0,1,1,0.52855384
2025-07-18 01:00:00,0.0,25.6,972.3,96,3.4,0.0,0,100,0,47995.82,0.6461296004527061,1,7,1.0,0.25881904510252074,0.9659258262890683,-0.4999999999999997,-0.8660254037844388,0,1,1,0.52855384
2025-07-18 02:00:00,0.0,25.5,972.0,95,4.9,0.0,0,100,0,47995.82,0.6461296004527061,2,7,2.0,0.49999999999999994,0.8660254037844387,-0.4999999999999997,-0.8660254037844388,0,1,1,0.40487576
2025-07-18 03:00:00,0.0,25.3,972.1,95,7.1,0.0,0,100,0,47995.82,0.6461296004527061,3,7,3.0,0.7071067811865476,0.7071067811865476,-0.4999999999999997,-0.8660254037844388,1,1,1,0.29035693
2025-07-18 04:00:00,0.0,25.0,972.2,96,5.6,0.0,0,95,0,47995.82,0.6461296004527061,4,7,4.0,0.8660254037844386,0.5000000000000001,-0.4999999999999997,-0.8660254037844388,1,1,1,0.5484761
2025-07-18 05:00:00,0.0,25.0,972.6,97,6.1,0.0,0,94,1,47995.82,0.6461296004527061,5,7,5.0,0.9659258262890683,0.25881904510252074,-0.4999999999999997,-0.8660254037844388,2,1,0,0.4128635
2025-07-18 06:00:00,57.2,25.0,973.4,96,6.2,0.0,0,100,1,47995.82,0.6461296004527061,6,7,6.0,1.0,6.123233995736766e-17,-0.4999999999999997,-0.8660254037844388,2,0,0,2.0991013
2025-07-18 07:00:00,114.8,25.3,974.1,96,4.4,0.0,0,100,1,47995.82,0.6461296004527061,7,7,7.0,0.9659258262890683,-0.25881904510252063,-0.4999999999999997,-0.8660254037844388,2,0,0,3.156025
2025-07-18 08:00:00,206.9,25.9,974.6,93,4.9,0.0,0,100,1,47995.82,0.6461296004527061,8,7,8.0,0.8660254037844387,-0.4999999999999998,-0.4999999999999997,-0.8660254037844388,2,0,0,10.889245
2025-07-18 09:00:00,332.1,26.6,974.8,91,3.8,0.0,0,100,1,47995.82,0.6461296004527061,9,7,9.0,0.7071067811865476,-0.7071067811865475,-0.4999999999999997,-0.8660254037844388,3,0,0,13.42842
2025-07-18 10:00:00,574.0,28.1,974.3,83,3.4,0.0,0,92,1,47995.82,0.6461296004527061,10,7,10.0,0.49999999999999994,-0.8660254037844387,-0.4999999999999997,-0.8660254037844388,3,0,0,13.868613
2025-07-18 11:00:00,657.2,29.1,973.8,79,4.3,0.0,0,100,1,47995.82,0.6461296004527061,11,7,11.0,0.258819045102521,-0.9659258262890682,-0.4999999999999997,-0.8660254037844388,4,0,0,14.214894
2025-07-18 12:00:00,715.7,30.1,973.2,74,4.9,0.0,0,100,1,47995.82,0.6461296004527061,12,7,12.0,1.2246467991473532e-16,-1.0,-0.4999999999999997,-0.8660254037844388,4,0,0,13.745739
2025-07-18 13:00:00,649.7,30.9,972.6,71,5.5,0.0,0,100,1,47995.82,0.6461296004527061,13,7,13.0,-0.2588190451025208,-0.9659258262890683,-0.4999999999999997,-0.8660254037844388,5,0,0,14.12463
2025-07-18 14:00:00,657.6,31.7,972.0,67,4.2,0.0,0,58,1,47995.82,0.6461296004527061,14,7,14.0,-0.4999999999999997,-0.8660254037844388,-0.4999999999999997,-0.8660254037844388,5,0,0,14.077423
2025-07-18 15:00:00,558.1,31.8,971.2,67,4.7,0.0,0,95,1,47995.82,0.6461296004527061,15,7,15.0,-0.7071067811865471,-0.7071067811865479,-0.4999999999999997,-0.8660254037844388,6,0,0,14.228382
2025-07-18 16:00:00,358.5,31.2,970.6,71,4.5,0.0,0,100,1,47995.82,0.6461296004527061,16,7,16.0,-0.8660254037844385,-0.5000000000000004,-0.4999999999999997,-0.8660254037844388,6,0,0,12.963335
2025-07-18 17:00:00,169.5,30.9,970.3,72,3.9,0.0,0,100,1,47995.82,0.6461296004527061,17,7,17.0,-0.9659258262890683,-0.25881904510252063,-0.4999999999999997,-0.8660254037844388,7,0,0,9.585016
2025-07-18 18:00:00,24.8,30.1,970.7,76,2.3,0.0,0,99,1,47995.82,0.6461296004527061,18,7,18.0,-1.0,-1.8369701987210297e-16,-0.4999999999999997,-0.8660254037844388,7,0,0,0.9816233
2025-07-18 19:00:00,0.0,29.6,971.4,80,1.5,0.0,0,73,0,47995.82,0.6461296004527061,19,7,19.0,-0.9659258262890684,0.2588190451025203,-0.4999999999999997,-0.8660254037844388,7,1,1,0.0
2025-07-18 20:00:00,0.0,28.8,971.8,85,3.2,0.0,0,100,0,47995.82,0.6461296004527061,20,7,20.0,-0.8660254037844386,0.5000000000000001,-0.4999999999999997,-0.8660254037844388,0,1,1,0.048976768
2025-07-18 21:00:00,0.0,28.7,972.2,86,2.5,0.0,0,100,0,47995.82,0.6461296004527061,21,7,21.0,-0.7071067811865477,0.7071067811865474,-0.4999999999999997,-0.8660254037844388,0,1,1,0.038674876
2025-07-18 22:00:00,0.0,28.0,972.3,88,4.8,0.0,0,100,0,47995.82,0.6461296004527061,22,7,22.0,-0.5000000000000004,0.8660254037844384,-0.4999999999999997,-0.8660254037844388,0,1,1,0.042819325
2025-07-18 23:00:00,0.0,26.9,971.9,90,10.9,0.0,0,100,0,47995.82,0.6461296004527061,23,7,23.0,-0.25881904510252157,0.9659258262890681,-0.4999999999999997,-0.8660254037844388,0,1,1,0.0
