time_x,shortwave_radiation_instant,temperature_2m,surface_pressure,relative_humidity_2m,wind_speed_80m,rain,snowfall,cloud_cover,is_day,apparent_temperature,precipitation_probability,showers,precipitation,pressure_msl,visibility,soil_temperature_0cm,soil_temperature_6cm,uv_index,uv_index_clear_sky,shortwave_radiation,direct_radiation,direct_radiation_instant,Time,latitude,longitude,date,time_y,sunrise,sunset,sunshine_duration,daylight_duration,weather_code,temperature_2m_max,shortwave_radiation_sum,uv_index_max,temperature_2m_min,current_time,current_interval,current_temperature_2m,current_relative_humidity_2m,current_cloud_cover
2025-07-09T00:00,0.0,25.4,968.6,97,4.0,0.0,0.0,100,0,31.6,63,1.5,1.5,1000.6,24140.0,25.6,26.2,0.0,0.0,0.0,0.0,0.0,2025-07-09 00:00:00,22.205092599903324,81.8004623988873,2025-07-09,2025-07-09,2025-07-09T05:25,2025-07-09T18:50,22878.48,48315.75,96,30.4,15.44,6.95,24.9,2025-07-16T13:00,900,30.0,77,100
2025-07-09T01:00,0.0,25.2,968.3,98,4.7,0.0,0.0,100,0,31.4,60,1.9,1.9,1000.3,24140.0,25.5,26.1,0.0,0.0,0.0,0.0,0.0,2025-07-09 01:00:00,22.205092599903324,81.8004623988873,2025-07-09,2025-07-09,2025-07-09T05:25,2025-07-09T18:50,22878.48,48315.75,96,30.4,15.44,6.95,24.9,2025-07-16T13:00,900,30.0,77,100
2025-07-09T02:00,0.0,25.1,967.7,98,5.0,0.0,0.0,98,0,31.2,55,0.9,0.9,999.7,24140.0,25.4,26.0,0.0,0.0,0.0,0.0,0.0,2025-07-09 02:00:00,22.205092599903324,81.8004623988873,2025-07-09,2025-07-09,2025-07-09T05:25,2025-07-09T18:50,22878.48,48315.75,96,30.4,15.44,6.95,24.9,2025-07-16T13:00,900,30.0,77,100
2025-07-09T03:00,0.0,25.1,967.7,98,4.7,0.0,0.0,92,0,31.1,28,0.5,0.5,999.7,24140.0,25.3,25.8,0.0,0.0,0.0,0.0,0.0,2025-07-09 03:00:00,22.205092599903324,81.8004623988873,2025-07-09,2025-07-09,2025-07-09T05:25,2025-07-09T18:50,22878.48,48315.75,96,30.4,15.44,6.95,24.9,2025-07-16T13:00,900,30.0,77,100
2025-07-09T04:00,0.0,24.9,967.8,97,6.3,0.0,0.0,98,0,30.7,30,0.8,0.8,999.8,24140.0,25.2,25.7,0.0,0.0,0.0,0.0,0.0,2025-07-09 04:00:00,22.205092599903324,81.8004623988873,2025-07-09,2025-07-09,2025-07-09T05:25,2025-07-09T18:50,22878.48,48315.75,96,30.4,15.44,6.95,24.9,2025-07-16T13:00,900,30.0,77,100
2025-07-09T05:00,0.0,25.0,968.0,97,4.8,0.0,0.0,100,1,30.9,40,0.9,0.9,1000.0,24140.0,25.2,25.7,0.0,0.0,0.0,0.0,0.0,2025-07-09 05:00:00,22.205092599903324,81.8004623988873,2025-07-09,2025-07-09,2025-07-09T05:25,2025-07-09T18:50,22878.48,48315.75,96,30.4,15.44,6.95,24.9,2025-07-16T13:00,900,30.0,77,100
2025-07-09T06:00,57.6,25.1,968.6,97,5.9,0.0,0.0,97,1,31.0,45,1.3,1.3,1000.6,24140.0,25.6,25.8,0.3,0.3,29.0,2.0,4.0,2025-07-09 06:00:00,22.205092599903324,81.8004623988873,2025-07-09,2025-07-09,2025-07-09T05:25,2025-07-09T18:50,22878.48,48315.75,96,30.4,15.44,6.95,24.9,2025-07-16T13:00,900,30.0,77,100
2025-07-09T07:00,177.1,25.8,969.1,94,4.8,0.0,0.0,96,1,31.8,30,0.4,0.4,1001.1,24140.0,26.9,26.3,1.55,1.55,134.0,36.0,47.6,2025-07-09 07:00:00,22.205092599903324,81.8004623988873,2025-07-09,2025-07-09,2025-07-09T05:25,2025-07-09T18:50,22878.48,48315.75,96,30.4,15.44,6.95,24.9,2025-07-16T13:00,900,30.0,77,100
2025-07-09T08:00,364.9,27.2,969.4,88,5.3,0.0,0.0,97,1,33.3,35,0.0,0.0,1001.2,24140.0,29.2,27.4,3.4,3.45,310.0,119.0,140.1,2025-07-09 08:00:00,22.205092599903324,81.8004623988873,2025-07-09,2025-07-09,2025-07-09T05:25,2025-07-09T18:50,22878.48,48315.75,96,30.4,15.44,6.95,24.9,2025-07-16T13:00,900,30.0,77,100
2025-07-09T09:00,485.4,28.0,969.4,85,3.5,0.0,0.0,100,1,34.5,50,0.6,0.6,1001.1,24140.0,29.8,28.6,5.35,5.45,438.0,197.0,218.3,2025-07-09 09:00:00,22.205092599903324,81.8004623988873,2025-07-09,2025-07-09,2025-07-09T05:25,2025-07-09T18:50,22878.48,48315.75,96,30.4,15.44,6.95,24.9,2025-07-16T13:00,900,30.0,77,100
2025-07-09T10:00,639.2,29.1,969.5,82,6.0,0.0,0.0,99,1,35.8,60,0.7,0.7,1001.1,19740.0,32.0,29.8,6.95,7.15,601.0,307.0,326.5,2025-07-09 10:00:00,22.205092599903324,81.8004623988873,2025-07-09,2025-07-09,2025-07-09T05:25,2025-07-09T18:50,22878.48,48315.75,96,30.4,15.44,6.95,24.9,2025-07-16T13:00,900,30.0,77,100
2025-07-09T11:00,774.0,29.8,969.1,79,9.6,0.0,0.0,100,1,37.0,65,0.1,0.1,1000.7,23620.0,32.8,30.7,6.6,8.35,752.0,402.0,413.8,2025-07-09 11:00:00,22.205092599903324,81.8004623988873,2025-07-09,2025-07-09,2025-07-09T05:25,2025-07-09T18:50,22878.48,48315.75,96,30.4,15.44,6.95,24.9,2025-07-16T13:00,900,30.0,77,100
2025-07-09T12:00,735.4,30.4,968.6,77,10.3,0.0,0.0,100,1,37.6,78,0.3,0.3,1000.1,19520.0,32.8,31.4,5.7,8.85,736.0,357.0,356.7,2025-07-09 12:00:00,22.205092599903324,81.8004623988873,2025-07-09,2025-07-09,2025-07-09T05:25,2025-07-09T18:50,22878.48,48315.75,96,30.4,15.44,6.95,24.9,2025-07-16T13:00,900,30.0,77,100
2025-07-09T13:00,478.9,29.8,968.3,80,11.7,0.0,0.0,100,1,35.7,93,0.9,0.9,999.8,14160.0,30.6,30.6,2.15,8.55,494.0,171.0,165.8,2025-07-09 13:00:00,22.205092599903324,81.8004623988873,2025-07-09,2025-07-09,2025-07-09T05:25,2025-07-09T18:50,22878.48,48315.75,96,30.4,15.44,6.95,24.9,2025-07-16T13:00,900,30.0,77,100
2025-07-09T14:00,241.7,29.1,967.8,82,11.3,0.0,0.0,100,1,35.0,95,1.6,1.6,999.4,18260.0,29.2,29.5,1.35,7.55,258.0,47.0,44.0,2025-07-09 14:00:00,22.205092599903324,81.8004623988873,2025-07-09,2025-07-09,2025-07-09T05:25,2025-07-09T18:50,22878.48,48315.75,96,30.4,15.44,6.95,24.9,2025-07-16T13:00,900,30.0,77,100
2025-07-09T15:00,237.5,28.5,967.4,85,12.7,0.0,0.0,100,1,34.3,100,2.1,2.1,999.0,19120.0,28.6,29.2,2.35,5.9,265.0,41.0,36.7,2025-07-09 15:00:00,22.205092599903324,81.8004623988873,2025-07-09,2025-07-09,2025-07-09T05:25,2025-07-09T18:50,22878.48,48315.75,96,30.4,15.44,6.95,24.9,2025-07-16T13:00,900,30.0,77,100
2025-07-09T16:00,152.3,28.0,967.2,87,11.2,0.0,0.0,100,1,34.0,98,2.7,2.7,998.9,24140.0,28.0,28.7,3.6,3.95,182.0,3.0,2.5,2025-07-09 16:00:00,22.205092599903324,81.8004623988873,2025-07-09,2025-07-09,2025-07-09T05:25,2025-07-09T18:50,22878.48,48315.75,96,30.4,15.44,6.95,24.9,2025-07-16T13:00,900,30.0,77,100
2025-07-09T17:00,51.5,27.5,967.6,89,9.2,0.0,0.0,100,1,33.8,83,2.8,2.8,999.3,19520.0,27.4,28.2,1.9,2.05,71.0,0.0,0.0,2025-07-09 17:00:00,22.205092599903324,81.8004623988873,2025-07-09,2025-07-09,2025-07-09T05:25,2025-07-09T18:50,22878.48,48315.75,96,30.4,15.44,6.95,24.9,2025-07-16T13:00,900,30.0,77,100
2025-07-09T18:00,6.5,27.0,968.0,91,7.4,0.0,0.0,100,1,33.4,78,2.5,2.5,999.8,19700.0,26.9,27.7,0.55,0.6,18.0,0.0,0.0,2025-07-09 18:00:00,22.205092599903324,81.8004623988873,2025-07-09,2025-07-09,2025-07-09T05:25,2025-07-09T18:50,22878.48,48315.75,96,30.4,15.44,6.95,24.9,2025-07-16T13:00,900,30.0,77,100
2025-07-09T19:00,0.0,26.6,968.6,92,5.5,0.0,0.0,100,0,33.0,58,1.8,1.8,1000.5,10500.0,26.6,27.4,0.0,0.0,1.0,0.0,0.0,2025-07-09 19:00:00,22.205092599903324,81.8004623988873,2025-07-09,2025-07-09,2025-07-09T05:25,2025-07-09T18:50,22878.48,48315.75,96,30.4,15.44,6.95,24.9,2025-07-16T13:00,900,30.0,77,100
2025-07-09T20:00,0.0,26.3,969.1,93,6.4,0.0,0.0,100,0,32.5,50,1.8,1.8,1001.0,24140.0,26.4,27.1,0.0,0.0,0.0,0.0,0.0,2025-07-09 20:00:00,22.205092599903324,81.8004623988873,2025-07-09,2025-07-09,2025-07-09T05:25,2025-07-09T18:50,22878.48,48315.75,96,30.4,15.44,6.95,24.9,2025-07-16T13:00,900,30.0,77,100
2025-07-09T21:00,0.0,26.1,969.4,95,9.3,0.0,0.0,100,0,32.4,20,0.0,0.0,1001.4,16480.0,26.1,26.8,0.0,0.0,0.0,0.0,0.0,2025-07-09 21:00:00,22.205092599903324,81.8004623988873,2025-07-09,2025-07-09,2025-07-09T05:25,2025-07-09T18:50,22878.48,48315.75,96,30.4,15.44,6.95,24.9,2025-07-16T13:00,900,30.0,77,100
2025-07-09T22:00,0.0,26.0,969.6,95,9.3,0.0,0.0,100,0,32.2,20,0.0,0.0,1001.6,21640.0,25.9,26.6,0.0,0.0,0.0,0.0,0.0,2025-07-09 22:00:00,22.205092599903324,81.8004623988873,2025-07-09,2025-07-09,2025-07-09T05:25,2025-07-09T18:50,22878.48,48315.75,96,30.4,15.44,6.95,24.9,2025-07-16T13:00,900,30.0,77,100
2025-07-09T23:00,0.0,25.8,969.4,95,8.6,0.0,0.0,100,0,32.0,23,0.0,0.0,1001.4,24140.0,25.8,26.4,0.0,0.0,0.0,0.0,0.0,2025-07-09 23:00:00,22.205092599903324,81.8004623988873,2025-07-09,2025-07-09,2025-07-09T05:25,2025-07-09T18:50,22878.48,48315.75,96,30.4,15.44,6.95,24.9,2025-07-16T13:00,900,30.0,77,100
2025-07-10T00:00,0.0,25.7,969.1,96,8.6,0.0,0.0,100,0,32.0,28,0.1,0.1,1001.1,24140.0,25.7,26.3,0.0,0.0,0.0,0.0,0.0,2025-07-10 00:00:00,22.205092599903324,81.8004623988873,2025-07-10,2025-07-10,2025-07-10T05:25,2025-07-10T18:50,7148.83,48285.99,96,30.3,11.19,6.05,25.5,2025-07-16T13:00,900,30.0,77,100
2025-07-10T01:00,0.0,25.7,968.4,96,7.3,0.0,0.0,100,0,32.0,28,0.0,0.0,1000.4,24140.0,25.6,26.2,0.0,0.0,0.0,0.0,0.0,2025-07-10 01:00:00,22.205092599903324,81.8004623988873,2025-07-10,2025-07-10,2025-07-10T05:25,2025-07-10T18:50,7148.83,48285.99,96,30.3,11.19,6.05,25.5,2025-07-16T13:00,900,30.0,77,100
2025-07-10T02:00,0.0,25.6,968.2,96,7.2,0.0,0.0,100,0,32.0,40,0.1,0.1,1000.2,24140.0,25.7,26.1,0.0,0.0,0.0,0.0,0.0,2025-07-10 02:00:00,22.205092599903324,81.8004623988873,2025-07-10,2025-07-10,2025-07-10T05:25,2025-07-10T18:50,7148.83,48285.99,96,30.3,11.19,6.05,25.5,2025-07-16T13:00,900,30.0,77,100
2025-07-10T03:00,0.0,25.6,967.7,96,6.9,0.0,0.0,100,0,31.9,43,0.8,0.8,999.7,24140.0,25.6,26.1,0.0,0.0,0.0,0.0,0.0,2025-07-10 03:00:00,22.205092599903324,81.8004623988873,2025-07-10,2025-07-10,2025-07-10T05:25,2025-07-10T18:50,7148.83,48285.99,96,30.3,11.19,6.05,25.5,2025-07-16T13:00,900,30.0,77,100
2025-07-10T04:00,0.0,25.5,967.4,96,9.3,0.0,0.0,100,0,31.6,48,0.0,0.0,999.4,24140.0,25.4,26.0,0.0,0.0,0.0,0.0,0.0,2025-07-10 04:00:00,22.205092599903324,81.8004623988873,2025-07-10,2025-07-10,2025-07-10T05:25,2025-07-10T18:50,7148.83,48285.99,96,30.3,11.19,6.05,25.5,2025-07-16T13:00,900,30.0,77,100
2025-07-10T05:00,0.0,25.7,968.4,95,7.4,0.0,0.0,100,1,31.8,33,0.0,0.0,1000.4,24140.0,25.5,26.0,0.0,0.0,0.0,0.0,0.0,2025-07-10 05:00:00,22.205092599903324,81.8004623988873,2025-07-10,2025-07-10,2025-07-10T05:25,2025-07-10T18:50,7148.83,48285.99,96,30.3,11.19,6.05,25.5,2025-07-16T13:00,900,30.0,77,100
2025-07-10T06:00,63.9,25.9,968.7,95,8.2,0.0,0.0,100,1,32.1,5,0.0,0.0,1000.7,24140.0,26.1,26.1,0.3,0.3,32.0,0.0,0.0,2025-07-10 06:00:00,22.205092599903324,81.8004623988873,2025-07-10,2025-07-10,2025-07-10T05:25,2025-07-10T18:50,7148.83,48285.99,96,30.3,11.19,6.05,25.5,2025-07-16T13:00,900,30.0,77,100
2025-07-10T07:00,154.8,26.5,969.6,93,6.6,0.0,0.0,100,1,33.0,5,0.0,0.0,1001.5,24140.0,27.4,26.7,1.4,1.55,117.0,0.0,0.0,2025-07-10 07:00:00,22.205092599903324,81.8004623988873,2025-07-10,2025-07-10,2025-07-10T05:25,2025-07-10T18:50,7148.83,48285.99,96,30.3,11.19,6.05,25.5,2025-07-16T13:00,900,30.0,77,100
2025-07-10T08:00,312.1,27.5,969.8,89,5.3,0.0,0.0,100,1,34.0,18,0.0,0.0,1001.6,24140.0,29.3,27.8,1.95,3.4,265.0,35.0,41.2,2025-07-10 08:00:00,22.205092599903324,81.8004623988873,2025-07-10,2025-07-10,2025-07-10T05:25,2025-07-10T18:50,7148.83,48285.99,96,30.3,11.19,6.05,25.5,2025-07-16T13:00,900,30.0,77,100
2025-07-10T09:00,407.9,28.3,970.0,86,6.8,0.0,0.0,100,1,34.8,45,1.0,1.0,1001.7,19160.0,29.8,28.7,3.25,5.4,368.0,57.0,63.2,2025-07-10 09:00:00,22.205092599903324,81.8004623988873,2025-07-10,2025-07-10,2025-07-10T05:25,2025-07-10T18:50,7148.83,48285.99,96,30.3,11.19,6.05,25.5,2025-07-16T13:00,900,30.0,77,100
2025-07-10T10:00,322.3,28.6,969.5,84,6.6,0.0,0.0,100,1,34.9,53,1.6,1.6,1001.2,21140.0,28.4,28.9,2.05,7.1,303.0,39.0,41.5,2025-07-10 10:00:00,22.205092599903324,81.8004623988873,2025-07-10,2025-07-10,2025-07-10T05:25,2025-07-10T18:50,7148.83,48285.99,96,30.3,11.19,6.05,25.5,2025-07-16T13:00,900,30.0,77,100
2025-07-10T11:00,72.1,26.8,970.0,93,7.7,5.7,0.0,100,1,33.1,75,10.7,16.4,1001.9,15780.0,26.9,27.6,1.05,8.35,70.0,4.0,4.1,2025-07-10 11:00:00,22.205092599903324,81.8004623988873,2025-07-10,2025-07-10,2025-07-10T05:25,2025-07-10T18:50,7148.83,48285.99,96,30.3,11.19,6.05,25.5,2025-07-16T13:00,900,30.0,77,100
2025-07-10T12:00,219.8,27.3,969.2,90,8.0,0.5,0.0,100,1,33.5,70,0.6,1.1,1001.0,10680.0,29.3,27.9,3.0,8.9,220.0,29.0,29.0,2025-07-10 12:00:00,22.205092599903324,81.8004623988873,2025-07-10,2025-07-10,2025-07-10T05:25,2025-07-10T18:50,7148.83,48285.99,96,30.3,11.19,6.05,25.5,2025-07-16T13:00,900,30.0,77,100
2025-07-10T13:00,558.4,28.9,968.6,86,7.9,0.0,0.0,100,1,35.7,83,0.0,0.0,1000.2,24140.0,32.7,29.8,6.05,8.6,576.0,162.0,157.1,2025-07-10 13:00:00,22.205092599903324,81.8004623988873,2025-07-10,2025-07-10,2025-07-10T05:25,2025-07-10T18:50,7148.83,48285.99,96,30.3,11.19,6.05,25.5,2025-07-16T13:00,900,30.0,77,100
2025-07-10T14:00,535.9,30.0,967.9,81,10.8,0.0,0.0,100,1,36.5,85,0.2,0.2,999.4,21100.0,31.6,30.6,2.25,7.55,572.0,152.0,142.4,2025-07-10 14:00:00,22.205092599903324,81.8004623988873,2025-07-10,2025-07-10,2025-07-10T05:25,2025-07-10T18:50,7148.83,48285.99,96,30.3,11.19,6.05,25.5,2025-07-16T13:00,900,30.0,77,100
2025-07-10T15:00,331.6,30.3,967.6,77,13.4,0.0,0.0,100,1,36.2,85,2.4,2.4,999.0,4700.0,30.0,30.1,1.3,5.95,370.0,42.0,37.6,2025-07-10 15:00:00,22.205092599903324,81.8004623988873,2025-07-10,2025-07-10,2025-07-10T05:25,2025-07-10T18:50,7148.83,48285.99,96,30.3,11.19,6.05,25.5,2025-07-16T13:00,900,30.0,77,100
2025-07-10T16:00,90.4,29.2,967.4,83,11.8,0.0,0.0,100,1,35.7,60,6.0,6.0,999.0,5500.0,28.1,28.8,1.65,4.0,108.0,2.0,1.7,2025-07-10 16:00:00,22.205092599903324,81.8004623988873,2025-07-10,2025-07-10,2025-07-10T05:25,2025-07-10T18:50,7148.83,48285.99,96,30.3,11.19,6.05,25.5,2025-07-16T13:00,900,30.0,77,100
2025-07-10T17:00,54.4,28.7,967.1,85,7.4,0.0,0.0,100,1,35.4,43,1.2,1.2,998.7,5340.0,28.1,28.6,0.7,2.05,75.0,0.0,0.0,2025-07-10 17:00:00,22.205092599903324,81.8004623988873,2025-07-10,2025-07-10,2025-07-10T05:25,2025-07-10T18:50,7148.83,48285.99,96,30.3,11.19,6.05,25.5,2025-07-16T13:00,900,30.0,77,100
2025-07-10T18:00,11.1,28.1,967.5,88,8.6,0.0,0.0,100,1,34.8,38,0.2,0.2,999.2,7680.0,27.4,28.1,0.45,0.6,31.0,0.0,0.0,2025-07-10 18:00:00,22.205092599903324,81.8004623988873,2025-07-10,2025-07-10,2025-07-10T05:25,2025-07-10T18:50,7148.83,48285.99,96,30.3,11.19,6.05,25.5,2025-07-16T13:00,900,30.0,77,100
2025-07-10T19:00,0.0,27.5,968.0,89,8.0,0.0,0.0,100,0,34.3,25,1.6,1.6,999.8,24140.0,27.1,27.7,0.0,0.0,1.0,0.0,0.0,2025-07-10 19:00:00,22.205092599903324,81.8004623988873,2025-07-10,2025-07-10,2025-07-10T05:25,2025-07-10T18:50,7148.83,48285.99,96,30.3,11.19,6.05,25.5,2025-07-16T13:00,900,30.0,77,100
2025-07-10T20:00,0.0,27.3,968.6,90,8.3,0.0,0.0,100,0,34.0,25,0.6,0.6,1000.4,19880.0,26.9,27.5,0.0,0.0,0.0,0.0,0.0,2025-07-10 20:00:00,22.205092599903324,81.8004623988873,2025-07-10,2025-07-10,2025-07-10T05:25,2025-07-10T18:50,7148.83,48285.99,96,30.3,11.19,6.05,25.5,2025-07-16T13:00,900,30.0,77,100
2025-07-10T21:00,0.0,27.1,969.5,90,10.8,0.0,0.0,100,0,33.4,13,1.2,1.2,1001.3,24140.0,26.7,27.3,0.0,0.0,0.0,0.0,0.0,2025-07-10 21:00:00,22.205092599903324,81.8004623988873,2025-07-10,2025-07-10,2025-07-10T05:25,2025-07-10T18:50,7148.83,48285.99,96,30.3,11.19,6.05,25.5,2025-07-16T13:00,900,30.0,77,100
2025-07-10T22:00,0.0,26.8,969.6,90,12.6,0.0,0.0,100,0,32.8,10,0.0,0.0,1001.5,24140.0,26.3,27.0,0.0,0.0,0.0,0.0,0.0,2025-07-10 22:00:00,22.205092599903324,81.8004623988873,2025-07-10,2025-07-10,2025-07-10T05:25,2025-07-10T18:50,7148.83,48285.99,96,30.3,11.19,6.05,25.5,2025-07-16T13:00,900,30.0,77,100
2025-07-10T23:00,0.0,26.5,969.1,91,10.5,0.0,0.0,100,0,32.5,20,0.0,0.0,1001.0,24140.0,26.1,26.8,0.0,0.0,0.0,0.0,0.0,2025-07-10 23:00:00,22.205092599903324,81.8004623988873,2025-07-10,2025-07-10,2025-07-10T05:25,2025-07-10T18:50,7148.83,48285.99,96,30.3,11.19,6.05,25.5,2025-07-16T13:00,900,30.0,77,100
2025-07-11T00:00,0.0,26.3,968.3,92,10.4,0.0,0.0,100,0,32.4,20,0.0,0.0,1000.2,24140.0,26.0,26.6,0.0,0.0,0.0,0.0,0.0,2025-07-11 00:00:00,22.205092599903324,81.8004623988873,2025-07-11,2025-07-11,2025-07-11T05:26,2025-07-11T18:50,6984.93,48254.67,95,30.2,11.09,8.0,26.0,2025-07-16T13:00,900,30.0,77,100
2025-07-11T01:00,0.0,26.3,968.0,91,9.4,0.0,0.0,100,0,32.2,30,0.0,0.0,999.9,24140.0,25.9,26.5,0.0,0.0,0.0,0.0,0.0,2025-07-11 01:00:00,22.205092599903324,81.8004623988873,2025-07-11,2025-07-11,2025-07-11T05:26,2025-07-11T18:50,6984.93,48254.67,95,30.2,11.09,8.0,26.0,2025-07-16T13:00,900,30.0,77,100
2025-07-11T02:00,0.0,26.2,967.5,91,10.8,0.0,0.0,100,0,32.1,35,0.4,0.4,999.4,24140.0,25.9,26.4,0.0,0.0,0.0,0.0,0.0,2025-07-11 02:00:00,22.205092599903324,81.8004623988873,2025-07-11,2025-07-11,2025-07-11T05:26,2025-07-11T18:50,6984.93,48254.67,95,30.2,11.09,8.0,26.0,2025-07-16T13:00,900,30.0,77,100
2025-07-11T03:00,0.0,26.0,967.2,91,10.8,0.0,0.0,100,0,31.8,23,1.2,1.2,999.1,21440.0,25.6,26.3,0.0,0.0,0.0,0.0,0.0,2025-07-11 03:00:00,22.205092599903324,81.8004623988873,2025-07-11,2025-07-11,2025-07-11T05:26,2025-07-11T18:50,6984.93,48254.67,95,30.2,11.09,8.0,26.0,2025-07-16T13:00,900,30.0,77,100
2025-07-11T04:00,0.0,26.0,967.2,91,8.6,0.0,0.0,100,0,31.9,28,0.0,0.0,999.1,7820.0,25.6,26.2,0.0,0.0,0.0,0.0,0.0,2025-07-11 04:00:00,22.205092599903324,81.8004623988873,2025-07-11,2025-07-11,2025-07-11T05:26,2025-07-11T18:50,6984.93,48254.67,95,30.2,11.09,8.0,26.0,2025-07-16T13:00,900,30.0,77,100
2025-07-11T05:00,0.0,26.0,968.1,92,10.0,0.0,0.0,100,1,31.9,35,0.0,0.0,1000.0,22000.0,25.6,26.2,0.0,0.0,0.0,0.0,0.0,2025-07-11 05:00:00,22.205092599903324,81.8004623988873,2025-07-11,2025-07-11,2025-07-11T05:26,2025-07-11T18:50,6984.93,48254.67,95,30.2,11.09,8.0,26.0,2025-07-16T13:00,900,30.0,77,100
2025-07-11T06:00,48.3,26.0,968.5,92,12.9,0.0,0.0,100,1,31.7,18,0.0,0.0,1000.4,24140.0,26.0,26.1,0.25,0.3,24.0,0.0,0.0,2025-07-11 06:00:00,22.205092599903324,81.8004623988873,2025-07-11,2025-07-11,2025-07-11T05:26,2025-07-11T18:50,6984.93,48254.67,95,30.2,11.09,8.0,26.0,2025-07-16T13:00,900,30.0,77,100
2025-07-11T07:00,156.3,26.6,968.9,90,11.6,0.0,0.0,100,1,32.3,13,0.0,0.0,1000.8,16500.0,27.4,26.6,0.8,1.55,118.0,0.0,0.0,2025-07-11 07:00:00,22.205092599903324,81.8004623988873,2025-07-11,2025-07-11,2025-07-11T05:26,2025-07-11T18:50,6984.93,48254.67,95,30.2,11.09,8.0,26.0,2025-07-16T13:00,900,30.0,77,100
2025-07-11T08:00,280.4,27.3,969.2,87,11.8,0.0,0.0,100,1,32.8,10,0.0,0.0,1001.0,16740.0,28.5,27.3,1.35,3.35,238.0,19.0,22.4,2025-07-11 08:00:00,22.205092599903324,81.8004623988873,2025-07-11,2025-07-11,2025-07-11T05:26,2025-07-11T18:50,6984.93,48254.67,95,30.2,11.09,8.0,26.0,2025-07-16T13:00,900,30.0,77,100
2025-07-11T09:00,371.4,27.8,969.4,84,12.0,0.0,0.0,100,1,33.2,18,1.2,1.2,1001.2,5940.0,28.8,28.0,4.4,5.35,335.0,70.0,77.6,2025-07-11 09:00:00,22.205092599903324,81.8004623988873,2025-07-11,2025-07-11,2025-07-11T05:26,2025-07-11T18:50,6984.93,48254.67,95,30.2,11.09,8.0,26.0,2025-07-16T13:00,900,30.0,77,100
2025-07-11T10:00,524.5,29.0,969.5,79,11.5,0.0,0.0,100,1,34.4,35,0.1,0.1,1001.1,7140.0,30.8,29.2,6.55,7.15,493.0,149.0,158.5,2025-07-11 10:00:00,22.205092599903324,81.8004623988873,2025-07-11,2025-07-11,2025-07-11T05:26,2025-07-11T18:50,6984.93,48254.67,95,30.2,11.09,8.0,26.0,2025-07-16T13:00,900,30.0,77,100
2025-07-11T11:00,479.7,30.0,969.6,75,9.8,0.0,0.0,100,1,35.6,60,0.2,0.2,1001.1,14520.0,31.5,30.1,7.75,8.4,466.0,119.0,122.5,2025-07-11 11:00:00,22.205092599903324,81.8004623988873,2025-07-11,2025-07-11,2025-07-11T05:26,2025-07-11T18:50,6984.93,48254.67,95,30.2,11.09,8.0,26.0,2025-07-16T13:00,900,30.0,77,100
2025-07-11T12:00,392.7,30.2,969.2,73,11.3,0.0,0.0,100,1,35.5,65,0.2,0.2,1000.7,14200.0,30.3,30.2,8.0,8.9,393.0,80.0,79.9,2025-07-11 12:00:00,22.205092599903324,81.8004623988873,2025-07-11,2025-07-11,2025-07-11T05:26,2025-07-11T18:50,6984.93,48254.67,95,30.2,11.09,8.0,26.0,2025-07-16T13:00,900,30.0,77,100
2025-07-11T13:00,201.7,29.6,968.4,76,9.7,0.0,0.0,100,1,35.3,73,0.9,0.9,1000.0,7460.0,29.5,29.3,7.65,8.6,208.0,28.0,27.1,2025-07-11 13:00:00,22.205092599903324,81.8004623988873,2025-07-11,2025-07-11,2025-07-11T05:26,2025-07-11T18:50,6984.93,48254.67,95,30.2,11.09,8.0,26.0,2025-07-16T13:00,900,30.0,77,100
2025-07-11T14:00,257.7,29.6,967.8,77,12.6,0.0,0.0,100,1,35.1,75,1.1,1.1,999.3,19660.0,29.8,29.6,7.0,7.55,275.0,38.0,35.6,2025-07-11 14:00:00,22.205092599903324,81.8004623988873,2025-07-11,2025-07-11,2025-07-11T05:26,2025-07-11T18:50,6984.93,48254.67,95,30.2,11.09,8.0,26.0,2025-07-16T13:00,900,30.0,77,100
2025-07-11T15:00,199.9,29.1,967.1,79,14.8,0.0,0.0,100,1,34.4,60,2.0,2.0,998.7,16460.0,29.0,29.1,5.15,5.9,223.0,19.0,17.0,2025-07-11 15:00:00,22.205092599903324,81.8004623988873,2025-07-11,2025-07-11,2025-07-11T05:26,2025-07-11T18:50,6984.93,48254.67,95,30.2,11.09,8.0,26.0,2025-07-16T13:00,900,30.0,77,100
2025-07-11T16:00,163.2,28.7,967.0,80,16.6,0.0,0.0,100,1,33.9,38,1.8,1.8,998.6,4520.0,28.0,28.8,2.65,3.95,195.0,15.0,12.6,2025-07-11 16:00:00,22.205092599903324,81.8004623988873,2025-07-11,2025-07-11,2025-07-11T05:26,2025-07-11T18:50,6984.93,48254.67,95,30.2,11.09,8.0,26.0,2025-07-16T13:00,900,30.0,77,100
2025-07-11T17:00,52.2,29.0,967.0,78,20.3,0.0,0.0,100,1,34.1,23,1.6,1.6,998.6,9260.0,27.9,29.0,1.75,2.0,72.0,0.0,0.0,2025-07-11 17:00:00,22.205092599903324,81.8004623988873,2025-07-11,2025-07-11,2025-07-11T05:26,2025-07-11T18:50,6984.93,48254.67,95,30.2,11.09,8.0,26.0,2025-07-16T13:00,900,30.0,77,100
2025-07-11T18:00,13.9,28.2,967.5,83,18.4,0.0,0.0,100,1,33.8,10,0.1,0.1,999.2,5960.0,27.2,28.2,0.55,0.6,39.0,0.0,0.0,2025-07-11 18:00:00,22.205092599903324,81.8004623988873,2025-07-11,2025-07-11,2025-07-11T05:26,2025-07-11T18:50,6984.93,48254.67,95,30.2,11.09,8.0,26.0,2025-07-16T13:00,900,30.0,77,100
2025-07-11T19:00,0.0,27.5,967.7,85,18.7,0.0,0.0,100,0,32.9,5,0.0,0.0,999.4,10800.0,26.7,27.6,0.0,0.0,2.0,0.0,0.0,2025-07-11 19:00:00,22.205092599903324,81.8004623988873,2025-07-11,2025-07-11,2025-07-11T05:26,2025-07-11T18:50,6984.93,48254.67,95,30.2,11.09,8.0,26.0,2025-07-16T13:00,900,30.0,77,100
2025-07-11T20:00,0.0,27.0,968.7,86,18.0,0.0,0.0,100,0,32.3,8,0.0,0.0,1000.5,19920.0,26.2,27.2,0.0,0.0,0.0,0.0,0.0,2025-07-11 20:00:00,22.205092599903324,81.8004623988873,2025-07-11,2025-07-11,2025-07-11T05:26,2025-07-11T18:50,6984.93,48254.67,95,30.2,11.09,8.0,26.0,2025-07-16T13:00,900,30.0,77,100
2025-07-11T21:00,0.0,26.5,969.5,87,20.1,0.0,0.0,100,0,31.4,5,0.4,0.4,1001.4,16140.0,26.1,26.9,0.0,0.0,0.0,0.0,0.0,2025-07-11 21:00:00,22.205092599903324,81.8004623988873,2025-07-11,2025-07-11,2025-07-11T05:26,2025-07-11T18:50,6984.93,48254.67,95,30.2,11.09,8.0,26.0,2025-07-16T13:00,900,30.0,77,100
2025-07-11T22:00,0.0,26.2,969.6,89,16.1,0.0,0.0,100,0,31.5,5,0.7,0.7,1001.6,24140.0,25.8,26.7,0.0,0.0,0.0,0.0,0.0,2025-07-11 22:00:00,22.205092599903324,81.8004623988873,2025-07-11,2025-07-11,2025-07-11T05:26,2025-07-11T18:50,6984.93,48254.67,95,30.2,11.09,8.0,26.0,2025-07-16T13:00,900,30.0,77,100
2025-07-11T23:00,0.0,26.3,969.4,90,14.6,0.0,0.0,100,0,31.8,5,0.0,0.0,1001.3,24140.0,25.9,26.7,0.0,0.0,0.0,0.0,0.0,2025-07-11 23:00:00,22.205092599903324,81.8004623988873,2025-07-11,2025-07-11,2025-07-11T05:26,2025-07-11T18:50,6984.93,48254.67,95,30.2,11.09,8.0,26.0,2025-07-16T13:00,900,30.0,77,100
2025-07-12T00:00,0.0,26.2,969.0,91,12.6,0.0,0.0,100,0,31.9,15,0.0,0.0,1000.9,24140.0,25.8,26.5,0.0,0.0,0.0,0.0,0.0,2025-07-12 00:00:00,22.205092599903324,81.8004623988873,2025-07-12,2025-07-12,2025-07-12T05:26,2025-07-12T18:50,10698.81,48221.83,95,30.5,12.5,6.95,24.8,2025-07-16T13:00,900,30.0,77,100
2025-07-12T01:00,0.0,26.0,968.7,91,13.8,0.0,0.0,100,0,31.6,28,0.5,0.5,1000.6,24140.0,25.8,26.4,0.0,0.0,0.0,0.0,0.0,2025-07-12 01:00:00,22.205092599903324,81.8004623988873,2025-07-12,2025-07-12,2025-07-12T05:26,2025-07-12T18:50,10698.81,48221.83,95,30.5,12.5,6.95,24.8,2025-07-16T13:00,900,30.0,77,100
2025-07-12T02:00,0.0,25.8,968.3,92,16.1,0.0,0.0,100,0,31.2,30,0.6,0.6,1000.3,24140.0,25.6,26.3,0.0,0.0,0.0,0.0,0.0,2025-07-12 02:00:00,22.205092599903324,81.8004623988873,2025-07-12,2025-07-12,2025-07-12T05:26,2025-07-12T18:50,10698.81,48221.83,95,30.5,12.5,6.95,24.8,2025-07-16T13:00,900,30.0,77,100
2025-07-12T03:00,0.0,25.2,968.3,94,19.2,0.3,0.0,100,0,29.8,38,0.0,0.3,1000.3,24140.0,25.2,26.1,0.0,0.0,0.0,0.0,0.0,2025-07-12 03:00:00,22.205092599903324,81.8004623988873,2025-07-12,2025-07-12,2025-07-12T05:26,2025-07-12T18:50,10698.81,48221.83,95,30.5,12.5,6.95,24.8,2025-07-16T13:00,900,30.0,77,100
2025-07-12T04:00,0.0,24.8,968.3,97,21.7,1.7,0.0,100,0,29.3,33,0.0,1.7,1000.4,24140.0,25.0,25.8,0.0,0.0,0.0,0.0,0.0,2025-07-12 04:00:00,22.205092599903324,81.8004623988873,2025-07-12,2025-07-12,2025-07-12T05:26,2025-07-12T18:50,10698.81,48221.83,95,30.5,12.5,6.95,24.8,2025-07-16T13:00,900,30.0,77,100
2025-07-12T05:00,0.0,25.0,968.4,98,10.5,9.6,0.0,100,1,30.9,25,0.7,10.3,1000.4,24140.0,25.3,25.9,0.0,0.0,0.0,0.0,0.0,2025-07-12 05:00:00,22.205092599903324,81.8004623988873,2025-07-12,2025-07-12,2025-07-12T05:26,2025-07-12T18:50,10698.81,48221.83,95,30.5,12.5,6.95,24.8,2025-07-16T13:00,900,30.0,77,100
2025-07-12T06:00,22.3,25.2,969.0,96,10.6,0.2,0.0,100,1,30.8,33,0.4,0.5,1001.0,24140.0,25.5,25.9,0.3,0.3,11.0,0.0,0.0,2025-07-12 06:00:00,22.205092599903324,81.8004623988873,2025-07-12,2025-07-12,2025-07-12T05:26,2025-07-12T18:50,10698.81,48221.83,95,30.5,12.5,6.95,24.8,2025-07-16T13:00,900,30.0,77,100
2025-07-12T07:00,111.4,25.8,969.7,94,8.2,0.0,0.0,100,1,31.6,40,0.1,0.1,1001.7,24140.0,26.8,26.3,1.45,1.55,84.0,3.0,4.0,2025-07-12 07:00:00,22.205092599903324,81.8004623988873,2025-07-12,2025-07-12,2025-07-12T05:26,2025-07-12T18:50,10698.81,48221.83,95,30.5,12.5,6.95,24.8,2025-07-16T13:00,900,30.0,77,100
2025-07-12T08:00,257.0,26.7,970.3,90,10.6,0.0,0.0,100,1,32.3,53,0.4,0.4,1002.2,24140.0,28.5,27.1,3.2,3.4,218.0,40.0,47.2,2025-07-12 08:00:00,22.205092599903324,81.8004623988873,2025-07-12,2025-07-12,2025-07-12T05:26,2025-07-12T18:50,10698.81,48221.83,95,30.5,12.5,6.95,24.8,2025-07-16T13:00,900,30.0,77,100
2025-07-12T09:00,367.1,27.5,970.2,87,14.3,0.0,0.0,100,1,32.8,50,0.8,0.8,1002.0,24020.0,29.1,27.9,5.05,5.35,331.0,82.0,90.9,2025-07-12 09:00:00,22.205092599903324,81.8004623988873,2025-07-12,2025-07-12,2025-07-12T05:26,2025-07-12T18:50,10698.81,48221.83,95,30.5,12.5,6.95,24.8,2025-07-16T13:00,900,30.0,77,100
2025-07-12T10:00,337.3,28.1,969.9,85,16.6,0.0,0.0,100,1,33.4,43,0.3,0.3,1001.7,24140.0,28.4,28.3,5.9,7.1,317.0,52.0,55.3,2025-07-12 10:00:00,22.205092599903324,81.8004623988873,2025-07-12,2025-07-12,2025-07-12T05:26,2025-07-12T18:50,10698.81,48221.83,95,30.5,12.5,6.95,24.8,2025-07-16T13:00,900,30.0,77,100
2025-07-12T11:00,333.6,29.5,970.4,76,18.0,0.0,0.0,100,1,34.3,30,0.9,0.9,1002.0,24140.0,31.4,29.1,6.95,8.3,324.0,69.0,71.0,2025-07-12 11:00:00,22.205092599903324,81.8004623988873,2025-07-12,2025-07-12,2025-07-12T05:26,2025-07-12T18:50,10698.81,48221.83,95,30.5,12.5,6.95,24.8,2025-07-16T13:00,900,30.0,77,100
2025-07-12T12:00,529.6,30.3,969.9,72,16.2,0.0,0.0,100,1,35.3,28,0.0,0.0,1001.4,24140.0,32.0,30.1,5.5,8.8,530.0,177.0,176.9,2025-07-12 12:00:00,22.205092599903324,81.8004623988873,2025-07-12,2025-07-12,2025-07-12T05:26,2025-07-12T18:50,10698.81,48221.83,95,30.5,12.5,6.95,24.8,2025-07-16T13:00,900,30.0,77,100
2025-07-12T13:00,404.3,29.6,969.5,75,18.0,0.0,0.0,100,1,34.4,18,1.7,1.7,1001.1,24140.0,30.2,30.0,4.05,8.55,417.0,128.0,124.1,2025-07-12 13:00:00,22.205092599903324,81.8004623988873,2025-07-12,2025-07-12,2025-07-12T05:26,2025-07-12T18:50,10698.81,48221.83,95,30.5,12.5,6.95,24.8,2025-07-16T13:00,900,30.0,77,100
2025-07-12T14:00,422.5,30.3,968.6,70,15.9,0.0,0.0,100,1,34.9,8,0.4,0.4,1000.1,24140.0,31.1,30.2,3.8,7.5,451.0,114.0,106.8,2025-07-12 14:00:00,22.205092599903324,81.8004623988873,2025-07-12,2025-07-12,2025-07-12T05:26,2025-07-12T18:50,10698.81,48221.83,95,30.5,12.5,6.95,24.8,2025-07-16T13:00,900,30.0,77,100
2025-07-12T15:00,315.5,30.3,968.2,71,17.3,0.0,0.0,100,1,35.0,13,0.1,0.1,999.7,24140.0,30.3,30.1,4.85,5.9,352.0,63.0,56.5,2025-07-12 15:00:00,22.205092599903324,81.8004623988873,2025-07-12,2025-07-12,2025-07-12T05:26,2025-07-12T18:50,10698.81,48221.83,95,30.5,12.5,6.95,24.8,2025-07-16T13:00,900,30.0,77,100
2025-07-12T16:00,202.5,29.7,967.8,74,19.0,0.0,0.0,100,1,34.4,18,0.1,0.1,999.3,24140.0,29.3,29.7,3.95,3.95,242.0,35.0,29.3,2025-07-12 16:00:00,22.205092599903324,81.8004623988873,2025-07-12,2025-07-12,2025-07-12T05:26,2025-07-12T18:50,10698.81,48221.83,95,30.5,12.5,6.95,24.8,2025-07-16T13:00,900,30.0,77,100
2025-07-12T17:00,102.9,30.5,968.2,74,11.8,0.0,0.0,100,1,36.6,3,0.3,0.3,999.6,24140.0,29.8,30.1,2.0,2.0,142.0,7.0,5.1,2025-07-12 17:00:00,22.205092599903324,81.8004623988873,2025-07-12,2025-07-12,2025-07-12T05:26,2025-07-12T18:50,10698.81,48221.83,95,30.5,12.5,6.95,24.8,2025-07-16T13:00,900,30.0,77,100
2025-07-12T18:00,17.7,29.0,968.1,80,11.6,0.0,0.0,100,1,35.2,8,0.2,0.2,999.7,24140.0,28.2,29.2,0.6,0.6,50.0,0.0,0.0,2025-07-12 18:00:00,22.205092599903324,81.8004623988873,2025-07-12,2025-07-12,2025-07-12T05:26,2025-07-12T18:50,10698.81,48221.83,95,30.5,12.5,6.95,24.8,2025-07-16T13:00,900,30.0,77,100
2025-07-12T19:00,0.0,28.5,968.9,83,11.2,0.0,0.0,100,0,34.9,8,0.6,0.6,1000.6,24140.0,27.4,28.5,0.0,0.0,2.0,0.0,0.0,2025-07-12 19:00:00,22.205092599903324,81.8004623988873,2025-07-12,2025-07-12,2025-07-12T05:26,2025-07-12T18:50,10698.81,48221.83,95,30.5,12.5,6.95,24.8,2025-07-16T13:00,900,30.0,77,100
2025-07-12T20:00,0.0,28.1,969.8,85,11.6,0.0,0.0,100,0,34.4,5,0.0,0.0,1001.6,24140.0,27.1,28.0,0.0,0.0,0.0,0.0,0.0,2025-07-12 20:00:00,22.205092599903324,81.8004623988873,2025-07-12,2025-07-12,2025-07-12T05:26,2025-07-12T18:50,10698.81,48221.83,95,30.5,12.5,6.95,24.8,2025-07-16T13:00,900,30.0,77,100
2025-07-12T21:00,0.0,27.7,970.5,88,12.7,0.0,0.0,100,0,34.1,10,0.0,0.0,1002.3,24140.0,26.9,27.7,0.0,0.0,0.0,0.0,0.0,2025-07-12 21:00:00,22.205092599903324,81.8004623988873,2025-07-12,2025-07-12,2025-07-12T05:26,2025-07-12T18:50,10698.81,48221.83,95,30.5,12.5,6.95,24.8,2025-07-16T13:00,900,30.0,77,100
2025-07-12T22:00,0.0,27.3,970.8,89,13.7,0.0,0.0,100,0,33.5,5,0.0,0.0,1002.7,24140.0,26.6,27.5,0.0,0.0,0.0,0.0,0.0,2025-07-12 22:00:00,22.205092599903324,81.8004623988873,2025-07-12,2025-07-12,2025-07-12T05:26,2025-07-12T18:50,10698.81,48221.83,95,30.5,12.5,6.95,24.8,2025-07-16T13:00,900,30.0,77,100
2025-07-12T23:00,0.0,27.4,970.6,88,9.7,0.0,0.0,100,0,33.8,10,0.0,0.0,1002.5,24140.0,26.6,27.4,0.0,0.0,0.0,0.0,0.0,2025-07-12 23:00:00,22.205092599903324,81.8004623988873,2025-07-12,2025-07-12,2025-07-12T05:26,2025-07-12T18:50,10698.81,48221.83,95,30.5,12.5,6.95,24.8,2025-07-16T13:00,900,30.0,77,100
2025-07-13T00:00,0.0,27.1,970.4,89,9.3,0.0,0.0,100,0,33.5,13,0.0,0.0,1002.3,24140.0,26.5,27.2,0.0,0.0,0.0,0.0,0.0,2025-07-13 00:00:00,22.205092599903324,81.8004623988873,2025-07-13,2025-07-13,2025-07-13T05:27,2025-07-13T18:50,11990.15,48187.52,95,31.6,14.56,7.8,26.4,2025-07-16T13:00,900,30.0,77,100
2025-07-13T01:00,0.0,26.9,969.6,89,10.5,0.0,0.0,100,0,33.0,10,0.0,0.0,1001.5,24140.0,26.3,27.0,0.0,0.0,0.0,0.0,0.0,2025-07-13 01:00:00,22.205092599903324,81.8004623988873,2025-07-13,2025-07-13,2025-07-13T05:27,2025-07-13T18:50,11990.15,48187.52,95,31.6,14.56,7.8,26.4,2025-07-16T13:00,900,30.0,77,100
2025-07-13T02:00,0.0,26.7,969.3,90,11.9,0.0,0.0,100,0,32.8,5,0.0,0.0,1001.2,24140.0,26.2,26.8,0.0,0.0,0.0,0.0,0.0,2025-07-13 02:00:00,22.205092599903324,81.8004623988873,2025-07-13,2025-07-13,2025-07-13T05:27,2025-07-13T18:50,11990.15,48187.52,95,31.6,14.56,7.8,26.4,2025-07-16T13:00,900,30.0,77,100
2025-07-13T03:00,0.0,26.5,968.9,90,8.6,0.0,0.0,100,0,32.7,3,0.1,0.1,1000.8,24140.0,26.1,26.7,0.0,0.0,0.0,0.0,0.0,2025-07-13 03:00:00,22.205092599903324,81.8004623988873,2025-07-13,2025-07-13,2025-07-13T05:27,2025-07-13T18:50,11990.15,48187.52,95,31.6,14.56,7.8,26.4,2025-07-16T13:00,900,30.0,77,100
2025-07-13T04:00,0.0,26.4,968.8,90,7.6,0.0,0.0,100,0,32.5,3,0.0,0.0,1000.7,24140.0,25.8,26.6,0.0,0.0,0.0,0.0,0.0,2025-07-13 04:00:00,22.205092599903324,81.8004623988873,2025-07-13,2025-07-13,2025-07-13T05:27,2025-07-13T18:50,11990.15,48187.52,95,31.6,14.56,7.8,26.4,2025-07-16T13:00,900,30.0,77,100
2025-07-13T05:00,0.0,26.4,969.4,91,6.8,0.0,0.0,100,1,32.7,3,0.0,0.0,1001.3,24140.0,25.9,26.5,0.0,0.0,0.0,0.0,0.0,2025-07-13 05:00:00,22.205092599903324,81.8004623988873,2025-07-13,2025-07-13,2025-07-13T05:27,2025-07-13T18:50,11990.15,48187.52,95,31.6,14.56,7.8,26.4,2025-07-16T13:00,900,30.0,77,100
2025-07-13T06:00,79.5,26.5,969.9,91,7.1,0.0,0.0,100,1,32.9,5,0.0,0.0,1001.8,24140.0,26.8,26.6,0.3,0.3,39.0,1.0,2.0,2025-07-13 06:00:00,22.205092599903324,81.8004623988873,2025-07-13,2025-07-13,2025-07-13T05:27,2025-07-13T18:50,11990.15,48187.52,95,31.6,14.56,7.8,26.4,2025-07-16T13:00,900,30.0,77,100
2025-07-13T07:00,213.7,27.4,970.5,87,6.4,0.0,0.0,100,1,33.5,10,0.0,0.0,1002.4,24140.0,28.7,27.5,1.5,1.55,161.0,21.0,27.9,2025-07-13 07:00:00,22.205092599903324,81.8004623988873,2025-07-13,2025-07-13,2025-07-13T05:27,2025-07-13T18:50,11990.15,48187.52,95,31.6,14.56,7.8,26.4,2025-07-16T13:00,900,30.0,77,100
2025-07-13T08:00,247.7,27.8,971.0,83,9.0,0.0,0.0,100,1,33.4,18,0.7,0.7,1002.8,24140.0,28.4,28.1,3.3,3.35,210.0,42.0,49.5,2025-07-13 08:00:00,22.205092599903324,81.8004623988873,2025-07-13,2025-07-13,2025-07-13T05:27,2025-07-13T18:50,11990.15,48187.52,95,31.6,14.56,7.8,26.4,2025-07-16T13:00,900,30.0,77,100
2025-07-13T09:00,288.4,28.2,970.9,81,8.4,0.0,0.0,100,1,33.8,10,0.0,0.0,1002.7,24140.0,30.1,28.6,5.4,5.4,260.0,41.0,45.5,2025-07-13 09:00:00,22.205092599903324,81.8004623988873,2025-07-13,2025-07-13,2025-07-13T05:27,2025-07-13T18:50,11990.15,48187.52,95,31.6,14.56,7.8,26.4,2025-07-16T13:00,900,30.0,77,100
2025-07-13T10:00,370.3,29.0,970.9,77,8.9,0.0,0.0,100,1,34.4,20,0.0,0.0,1002.6,24140.0,31.8,29.3,7.15,7.15,348.0,35.0,37.2,2025-07-13 10:00:00,22.205092599903324,81.8004623988873,2025-07-13,2025-07-13,2025-07-13T05:27,2025-07-13T18:50,11990.15,48187.52,95,31.6,14.56,7.8,26.4,2025-07-16T13:00,900,30.0,77,100
2025-07-13T11:00,540.6,30.2,970.7,73,7.1,0.0,0.0,100,1,36.0,28,0.0,0.0,1002.3,24140.0,33.9,31.1,7.8,8.35,525.0,88.0,90.6,2025-07-13 11:00:00,22.205092599903324,81.8004623988873,2025-07-13,2025-07-13,2025-07-13T05:27,2025-07-13T18:50,11990.15,48187.52,95,31.6,14.56,7.8,26.4,2025-07-16T13:00,900,30.0,77,100
2025-07-13T12:00,606.6,31.1,970.2,69,9.0,0.0,0.0,100,1,37.1,35,0.0,0.0,1001.6,24140.0,34.5,32.1,6.5,8.85,607.0,145.0,144.9,2025-07-13 12:00:00,22.205092599903324,81.8004623988873,2025-07-13,2025-07-13,2025-07-13T05:27,2025-07-13T18:50,11990.15,48187.52,95,31.6,14.56,7.8,26.4,2025-07-16T13:00,900,30.0,77,100
2025-07-13T13:00,570.1,31.4,969.6,70,10.3,0.0,0.0,100,1,37.4,40,0.1,0.1,1001.0,24140.0,34.2,32.5,6.6,8.6,588.0,136.0,131.9,2025-07-13 13:00:00,22.205092599903324,81.8004623988873,2025-07-13,2025-07-13,2025-07-13T05:27,2025-07-13T18:50,11990.15,48187.52,95,31.6,14.56,7.8,26.4,2025-07-16T13:00,900,30.0,77,100
2025-07-13T14:00,491.9,31.6,969.1,70,11.7,0.0,0.0,100,1,37.4,45,0.1,0.1,1000.5,24140.0,33.7,32.5,5.05,7.55,525.0,151.0,141.5,2025-07-13 14:00:00,22.205092599903324,81.8004623988873,2025-07-13,2025-07-13,2025-07-13T05:27,2025-07-13T18:50,11990.15,48187.52,95,31.6,14.56,7.8,26.4,2025-07-16T13:00,900,30.0,77,100
2025-07-13T15:00,322.6,31.1,968.5,72,10.9,0.0,0.0,100,1,37.0,58,0.7,0.7,999.9,24140.0,31.3,31.8,3.05,5.9,360.0,103.0,92.3,2025-07-13 15:00:00,22.205092599903324,81.8004623988873,2025-07-13,2025-07-13,2025-07-13T05:27,2025-07-13T18:50,11990.15,48187.52,95,31.6,14.56,7.8,26.4,2025-07-16T13:00,900,30.0,77,100
2025-07-13T16:00,212.5,30.7,967.7,74,12.8,0.0,0.0,100,1,36.6,60,1.4,1.4,999.1,24140.0,30.8,31.1,1.65,3.95,254.0,30.0,25.1,2025-07-13 16:00:00,22.205092599903324,81.8004623988873,2025-07-13,2025-07-13,2025-07-13T05:27,2025-07-13T18:50,11990.15,48187.52,95,31.6,14.56,7.8,26.4,2025-07-16T13:00,900,30.0,77,100
2025-07-13T17:00,89.1,30.7,967.6,77,10.7,0.0,0.0,100,1,37.5,60,1.8,1.8,999.0,24140.0,29.8,30.5,0.55,2.0,123.0,3.0,2.2,2025-07-13 17:00:00,22.205092599903324,81.8004623988873,2025-07-13,2025-07-13,2025-07-13T05:27,2025-07-13T18:50,11990.15,48187.52,95,31.6,14.56,7.8,26.4,2025-07-16T13:00,900,30.0,77,100
2025-07-13T18:00,14.7,29.2,967.8,84,13.2,0.0,0.0,100,1,36.0,83,0.2,0.2,999.4,24140.0,28.4,29.5,0.2,0.6,42.0,0.0,0.0,2025-07-13 18:00:00,22.205092599903324,81.8004623988873,2025-07-13,2025-07-13,2025-07-13T05:27,2025-07-13T18:50,11990.15,48187.52,95,31.6,14.56,7.8,26.4,2025-07-16T13:00,900,30.0,77,100
2025-07-13T19:00,0.0,28.4,968.9,85,11.5,0.0,0.0,100,0,34.9,48,0.7,0.7,1000.6,9040.0,27.6,28.8,0.0,0.0,2.0,0.0,0.0,2025-07-13 19:00:00,22.205092599903324,81.8004623988873,2025-07-13,2025-07-13,2025-07-13T05:27,2025-07-13T18:50,11990.15,48187.52,95,31.6,14.56,7.8,26.4,2025-07-16T13:00,900,30.0,77,100
2025-07-13T20:00,0.0,28.1,970.0,86,9.8,0.0,0.0,100,0,34.7,20,0.3,0.3,1001.8,15780.0,27.4,28.4,0.0,0.0,0.0,0.0,0.0,2025-07-13 20:00:00,22.205092599903324,81.8004623988873,2025-07-13,2025-07-13,2025-07-13T05:27,2025-07-13T18:50,11990.15,48187.52,95,31.6,14.56,7.8,26.4,2025-07-16T13:00,900,30.0,77,100
2025-07-13T21:00,0.0,27.9,970.6,88,11.7,0.0,0.0,100,0,34.7,15,0.0,0.0,1002.4,24140.0,27.2,28.1,0.0,0.0,0.0,0.0,0.0,2025-07-13 21:00:00,22.205092599903324,81.8004623988873,2025-07-13,2025-07-13,2025-07-13T05:27,2025-07-13T18:50,11990.15,48187.52,95,31.6,14.56,7.8,26.4,2025-07-16T13:00,900,30.0,77,100
2025-07-13T22:00,0.0,27.7,970.5,89,12.0,0.0,0.0,100,0,34.4,10,0.0,0.0,1002.3,24140.0,27.0,27.8,0.0,0.0,0.0,0.0,0.0,2025-07-13 22:00:00,22.205092599903324,81.8004623988873,2025-07-13,2025-07-13,2025-07-13T05:27,2025-07-13T18:50,11990.15,48187.52,95,31.6,14.56,7.8,26.4,2025-07-16T13:00,900,30.0,77,100
2025-07-13T23:00,0.0,27.7,970.4,89,9.7,0.0,0.0,100,0,34.4,5,0.0,0.0,1002.2,24140.0,26.9,27.7,0.0,0.0,0.0,0.0,0.0,2025-07-13 23:00:00,22.205092599903324,81.8004623988873,2025-07-13,2025-07-13,2025-07-13T05:27,2025-07-13T18:50,11990.15,48187.52,95,31.6,14.56,7.8,26.4,2025-07-16T13:00,900,30.0,77,100
2025-07-14T00:00,0.0,27.4,969.7,89,8.7,0.0,0.0,100,0,34.1,5,0.0,0.0,1001.5,24140.0,26.7,27.5,0.0,0.0,0.0,0.0,0.0,2025-07-14 00:00:00,22.205092599903324,81.8004623988873,2025-07-14,2025-07-14,2025-07-14T05:27,2025-07-14T18:50,0.0,48151.81,95,30.4,11.84,7.25,26.6,2025-07-16T13:00,900,30.0,77,100
2025-07-14T01:00,0.0,27.1,969.2,89,9.4,0.0,0.0,100,0,33.5,8,0.0,0.0,1001.0,24140.0,26.5,27.3,0.0,0.0,0.0,0.0,0.0,2025-07-14 01:00:00,22.205092599903324,81.8004623988873,2025-07-14,2025-07-14,2025-07-14T05:27,2025-07-14T18:50,0.0,48151.81,95,30.4,11.84,7.25,26.6,2025-07-16T13:00,900,30.0,77,100
2025-07-14T02:00,0.0,26.9,968.7,89,9.5,0.0,0.0,100,0,33.2,10,0.0,0.0,1000.5,24140.0,26.3,27.1,0.0,0.0,0.0,0.0,0.0,2025-07-14 02:00:00,22.205092599903324,81.8004623988873,2025-07-14,2025-07-14,2025-07-14T05:27,2025-07-14T18:50,0.0,48151.81,95,30.4,11.84,7.25,26.6,2025-07-16T13:00,900,30.0,77,100
2025-07-14T03:00,0.0,26.8,968.4,89,9.7,0.0,0.0,100,0,32.9,20,0.0,0.0,1000.3,24140.0,26.2,26.9,0.0,0.0,0.0,0.0,0.0,2025-07-14 03:00:00,22.205092599903324,81.8004623988873,2025-07-14,2025-07-14,2025-07-14T05:27,2025-07-14T18:50,0.0,48151.81,95,30.4,11.84,7.25,26.6,2025-07-16T13:00,900,30.0,77,100
2025-07-14T04:00,0.0,26.6,968.5,90,8.3,0.0,0.0,100,0,32.9,15,0.0,0.0,1000.4,24140.0,26.0,26.8,0.0,0.0,0.0,0.0,0.0,2025-07-14 04:00:00,22.205092599903324,81.8004623988873,2025-07-14,2025-07-14,2025-07-14T05:27,2025-07-14T18:50,0.0,48151.81,95,30.4,11.84,7.25,26.6,2025-07-16T13:00,900,30.0,77,100
2025-07-14T05:00,0.0,26.7,968.9,90,10.9,0.0,0.0,100,1,32.8,20,0.6,0.6,1000.8,24140.0,26.1,26.8,0.0,0.0,0.0,0.0,0.0,2025-07-14 05:00:00,22.205092599903324,81.8004623988873,2025-07-14,2025-07-14,2025-07-14T05:27,2025-07-14T18:50,0.0,48151.81,95,30.4,11.84,7.25,26.6,2025-07-16T13:00,900,30.0,77,100
2025-07-14T06:00,49.3,26.8,970.0,90,10.5,0.0,0.0,100,1,32.9,18,0.1,0.1,1001.9,24140.0,26.7,26.8,0.25,0.3,24.0,0.0,0.0,2025-07-14 06:00:00,22.205092599903324,81.8004623988873,2025-07-14,2025-07-14,2025-07-14T05:27,2025-07-14T18:50,0.0,48151.81,95,30.4,11.84,7.25,26.6,2025-07-16T13:00,900,30.0,77,100
2025-07-14T07:00,118.3,27.2,970.5,89,10.2,0.0,0.0,100,1,33.3,15,0.0,0.0,1002.4,24140.0,27.7,27.2,1.4,1.55,89.0,3.0,4.0,2025-07-14 07:00:00,22.205092599903324,81.8004623988873,2025-07-14,2025-07-14,2025-07-14T05:27,2025-07-14T18:50,0.0,48151.81,95,30.4,11.84,7.25,26.6,2025-07-16T13:00,900,30.0,77,100
2025-07-14T08:00,232.4,27.8,971.0,86,8.9,0.0,0.0,100,1,33.8,30,0.0,0.0,1002.8,24140.0,29.1,27.9,3.0,3.4,197.0,1.0,1.2,2025-07-14 08:00:00,22.205092599903324,81.8004623988873,2025-07-14,2025-07-14,2025-07-14T05:27,2025-07-14T18:50,0.0,48151.81,95,30.4,11.84,7.25,26.6,2025-07-16T13:00,900,30.0,77,100
2025-07-14T09:00,324.0,28.2,970.8,83,10.2,0.0,0.0,100,1,34.0,45,1.1,1.1,1002.6,24140.0,29.7,28.6,4.7,5.4,292.0,6.0,6.7,2025-07-14 09:00:00,22.205092599903324,81.8004623988873,2025-07-14,2025-07-14,2025-07-14T05:27,2025-07-14T18:50,0.0,48151.81,95,30.4,11.84,7.25,26.6,2025-07-16T13:00,900,30.0,77,100
2025-07-14T10:00,435.3,28.9,970.5,80,10.2,0.0,0.0,100,1,34.5,45,0.2,0.2,1002.2,24140.0,31.4,29.5,6.4,7.15,409.0,34.0,36.2,2025-07-14 10:00:00,22.205092599903324,81.8004623988873,2025-07-14,2025-07-14,2025-07-14T05:27,2025-07-14T18:50,0.0,48151.81,95,30.4,11.84,7.25,26.6,2025-07-16T13:00,900,30.0,77,100
2025-07-14T11:00,476.8,29.8,970.6,77,8.6,0.0,0.0,100,1,35.8,48,0.1,0.1,1002.2,24140.0,32.4,30.8,7.25,8.4,463.0,47.0,48.4,2025-07-14 11:00:00,22.205092599903324,81.8004623988873,2025-07-14,2025-07-14,2025-07-14T05:27,2025-07-14T18:50,0.0,48151.81,95,30.4,11.84,7.25,26.6,2025-07-16T13:00,900,30.0,77,100
2025-07-14T12:00,426.8,30.0,970.1,76,10.2,0.0,0.0,100,1,35.9,58,0.5,0.5,1001.7,24140.0,32.4,30.8,4.55,8.85,427.0,37.0,37.0,2025-07-14 12:00:00,22.205092599903324,81.8004623988873,2025-07-14,2025-07-14,2025-07-14T05:27,2025-07-14T18:50,0.0,48151.81,95,30.4,11.84,7.25,26.6,2025-07-16T13:00,900,30.0,77,100
2025-07-14T13:00,416.0,30.3,969.4,73,11.5,0.0,0.0,100,1,35.8,70,0.1,0.1,1000.9,24140.0,31.3,31.1,3.6,8.6,429.0,32.0,31.0,2025-07-14 13:00:00,22.205092599903324,81.8004623988873,2025-07-14,2025-07-14,2025-07-14T05:27,2025-07-14T18:50,0.0,48151.81,95,30.4,11.84,7.25,26.6,2025-07-16T13:00,900,30.0,77,100
2025-07-14T14:00,320.4,30.4,968.6,73,10.8,0.0,0.0,100,1,36.1,65,0.1,0.1,1000.1,24140.0,32.0,30.8,2.85,7.55,342.0,13.0,12.2,2025-07-14 14:00:00,22.205092599903324,81.8004623988873,2025-07-14,2025-07-14,2025-07-14T05:27,2025-07-14T18:50,0.0,48151.81,95,30.4,11.84,7.25,26.6,2025-07-16T13:00,900,30.0,77,100
2025-07-14T15:00,276.9,30.3,967.9,75,12.5,0.0,0.0,100,1,36.1,75,0.3,0.3,999.4,24140.0,30.8,30.7,3.95,5.95,309.0,11.0,9.9,2025-07-14 15:00:00,22.205092599903324,81.8004623988873,2025-07-14,2025-07-14,2025-07-14T05:27,2025-07-14T18:50,0.0,48151.81,95,30.4,11.84,7.25,26.6,2025-07-16T13:00,900,30.0,77,100
2025-07-14T16:00,134.7,29.8,967.4,77,11.5,0.0,0.0,100,1,35.8,63,1.0,1.0,998.9,24140.0,29.6,30.0,2.45,4.0,161.0,0.0,0.0,2025-07-14 16:00:00,22.205092599903324,81.8004623988873,2025-07-14,2025-07-14,2025-07-14T05:27,2025-07-14T18:50,0.0,48151.81,95,30.4,11.84,7.25,26.6,2025-07-16T13:00,900,30.0,77,100
2025-07-14T17:00,78.1,29.5,967.8,81,9.0,0.0,0.0,100,1,36.1,60,0.6,0.6,999.3,24140.0,29.0,29.6,1.1,2.05,108.0,0.0,0.0,2025-07-14 17:00:00,22.205092599903324,81.8004623988873,2025-07-14,2025-07-14,2025-07-14T05:27,2025-07-14T18:50,0.0,48151.81,95,30.4,11.84,7.25,26.6,2025-07-16T13:00,900,30.0,77,100
2025-07-14T18:00,13.2,28.8,968.5,85,3.9,0.0,0.0,100,1,36.2,70,0.8,0.8,1000.1,24140.0,28.3,29.0,0.45,0.6,38.0,0.0,0.0,2025-07-14 18:00:00,22.205092599903324,81.8004623988873,2025-07-14,2025-07-14,2025-07-14T05:27,2025-07-14T18:50,0.0,48151.81,95,30.4,11.84,7.25,26.6,2025-07-16T13:00,900,30.0,77,100
2025-07-14T19:00,0.0,28.6,969.3,86,3.2,0.0,0.0,100,0,35.9,48,0.0,0.0,1001.0,24140.0,27.9,28.6,0.0,0.0,1.0,0.0,0.0,2025-07-14 19:00:00,22.205092599903324,81.8004623988873,2025-07-14,2025-07-14,2025-07-14T05:27,2025-07-14T18:50,0.0,48151.81,95,30.4,11.84,7.25,26.6,2025-07-16T13:00,900,30.0,77,100
2025-07-14T20:00,0.0,28.3,970.2,86,2.4,0.0,0.0,100,0,35.4,33,0.8,0.8,1002.0,24140.0,27.7,28.4,0.0,0.0,0.0,0.0,0.0,2025-07-14 20:00:00,22.205092599903324,81.8004623988873,2025-07-14,2025-07-14,2025-07-14T05:27,2025-07-14T18:50,0.0,48151.81,95,30.4,11.84,7.25,26.6,2025-07-16T13:00,900,30.0,77,100
2025-07-14T21:00,0.0,27.8,970.7,89,1.9,0.0,0.0,100,0,34.9,38,0.1,0.1,1002.5,24140.0,27.3,28.0,0.0,0.0,0.0,0.0,0.0,2025-07-14 21:00:00,22.205092599903324,81.8004623988873,2025-07-14,2025-07-14,2025-07-14T05:27,2025-07-14T18:50,0.0,48151.81,95,30.4,11.84,7.25,26.6,2025-07-16T13:00,900,30.0,77,100
2025-07-14T22:00,0.0,27.6,970.7,91,1.9,0.0,0.0,100,0,34.8,45,0.0,0.0,1002.5,24140.0,27.1,27.8,0.0,0.0,0.0,0.0,0.0,2025-07-14 22:00:00,22.205092599903324,81.8004623988873,2025-07-14,2025-07-14,2025-07-14T05:27,2025-07-14T18:50,0.0,48151.81,95,30.4,11.84,7.25,26.6,2025-07-16T13:00,900,30.0,77,100
2025-07-14T23:00,0.0,27.8,970.2,90,4.0,0.0,0.0,100,0,35.1,55,0.0,0.0,1002.0,24140.0,27.2,27.8,0.0,0.0,0.0,0.0,0.0,2025-07-14 23:00:00,22.205092599903324,81.8004623988873,2025-07-14,2025-07-14,2025-07-14T05:27,2025-07-14T18:50,0.0,48151.81,95,30.4,11.84,7.25,26.6,2025-07-16T13:00,900,30.0,77,100
2025-07-15T00:00,0.0,27.2,969.5,91,8.8,0.0,0.0,100,0,33.8,60,1.8,1.8,1001.3,24140.0,26.9,27.6,0.0,0.0,0.0,0.0,0.0,2025-07-15 00:00:00,22.205092599903324,81.8004623988873,2025-07-15,2025-07-15,2025-07-15T05:28,2025-07-15T18:49,2.78,48114.73,96,29.9,9.36,8.45,26.0,2025-07-16T13:00,900,30.0,77,100
2025-07-15T01:00,0.0,26.6,969.2,93,8.9,0.0,0.0,100,0,33.0,60,3.3,3.3,1001.1,24140.0,26.5,27.3,0.0,0.0,0.0,0.0,0.0,2025-07-15 01:00:00,22.205092599903324,81.8004623988873,2025-07-15,2025-07-15,2025-07-15T05:28,2025-07-15T18:49,2.78,48114.73,96,29.9,9.36,8.45,26.0,2025-07-16T13:00,900,30.0,77,100
2025-07-15T02:00,0.0,26.2,968.6,94,6.0,0.0,0.0,100,0,32.7,55,2.5,2.5,1000.5,24140.0,26.3,27.0,0.0,0.0,0.0,0.0,0.0,2025-07-15 02:00:00,22.205092599903324,81.8004623988873,2025-07-15,2025-07-15,2025-07-15T05:28,2025-07-15T18:49,2.78,48114.73,96,29.9,9.36,8.45,26.0,2025-07-16T13:00,900,30.0,77,100
2025-07-15T03:00,0.0,26.0,968.5,94,3.7,0.0,0.0,100,0,32.7,45,1.2,1.2,1000.4,24140.0,26.3,26.9,0.0,0.0,0.0,0.0,0.0,2025-07-15 03:00:00,22.205092599903324,81.8004623988873,2025-07-15,2025-07-15,2025-07-15T05:28,2025-07-15T18:49,2.78,48114.73,96,29.9,9.36,8.45,26.0,2025-07-16T13:00,900,30.0,77,100
2025-07-15T04:00,0.0,26.0,968.2,94,5.4,0.0,0.0,100,0,32.5,50,0.0,0.0,1000.1,24140.0,26.1,26.8,0.0,0.0,0.0,0.0,0.0,2025-07-15 04:00:00,22.205092599903324,81.8004623988873,2025-07-15,2025-07-15,2025-07-15T05:28,2025-07-15T18:49,2.78,48114.73,96,29.9,9.36,8.45,26.0,2025-07-16T13:00,900,30.0,77,100
2025-07-15T05:00,0.0,26.3,969.2,95,6.1,0.0,0.0,100,1,33.0,40,0.2,0.2,1001.1,24140.0,26.2,26.8,0.0,0.0,0.0,0.0,0.0,2025-07-15 05:00:00,22.205092599903324,81.8004623988873,2025-07-15,2025-07-15,2025-07-15T05:28,2025-07-15T18:49,2.78,48114.73,96,29.9,9.36,8.45,26.0,2025-07-16T13:00,900,30.0,77,100
2025-07-15T06:00,43.4,26.2,969.6,95,6.1,0.0,0.0,100,1,32.8,23,1.2,1.2,1001.6,24140.0,26.5,26.8,0.05,0.3,21.0,0.0,0.0,2025-07-15 06:00:00,22.205092599903324,81.8004623988873,2025-07-15,2025-07-15,2025-07-15T05:28,2025-07-15T18:49,2.78,48114.73,96,29.9,9.36,8.45,26.0,2025-07-16T13:00,900,30.0,77,100
2025-07-15T07:00,99.8,26.5,970.2,93,4.9,0.0,0.0,100,1,32.9,30,0.9,0.9,1002.1,24140.0,27.3,27.0,0.2,1.5,75.0,0.0,0.0,2025-07-15 07:00:00,22.205092599903324,81.8004623988873,2025-07-15,2025-07-15,2025-07-15T05:28,2025-07-15T18:49,2.78,48114.73,96,29.9,9.36,8.45,26.0,2025-07-16T13:00,900,30.0,77,100
2025-07-15T08:00,184.1,27.0,970.6,92,5.8,0.0,0.0,100,1,33.6,45,0.1,0.1,1002.5,24140.0,28.1,27.6,0.7,3.35,156.0,0.0,0.0,2025-07-15 08:00:00,22.205092599903324,81.8004623988873,2025-07-15,2025-07-15,2025-07-15T05:28,2025-07-15T18:49,2.78,48114.73,96,29.9,9.36,8.45,26.0,2025-07-16T13:00,900,30.0,77,100
2025-07-15T09:00,244.1,27.6,971.0,90,8.0,0.0,0.0,100,1,34.0,68,0.9,0.9,1002.8,24140.0,28.9,28.1,2.75,5.4,220.0,0.0,0.0,2025-07-15 09:00:00,22.205092599903324,81.8004623988873,2025-07-15,2025-07-15,2025-07-15T05:28,2025-07-15T18:49,2.78,48114.73,96,29.9,9.36,8.45,26.0,2025-07-16T13:00,900,30.0,77,100
2025-07-15T10:00,321.5,28.0,970.5,87,10.0,0.0,0.0,100,1,34.1,73,0.6,0.6,1002.3,17120.0,29.2,28.7,4.7,7.15,302.0,1.0,1.1,2025-07-15 10:00:00,22.205092599903324,81.8004623988873,2025-07-15,2025-07-15,2025-07-15T05:28,2025-07-15T18:49,2.78,48114.73,96,29.9,9.36,8.45,26.0,2025-07-16T13:00,900,30.0,77,100
2025-07-15T11:00,280.1,29.4,970.1,82,9.2,0.0,0.0,100,1,35.8,70,0.7,0.7,1001.7,6400.0,31.1,29.9,6.4,8.4,272.0,0.0,0.0,2025-07-15 11:00:00,22.205092599903324,81.8004623988873,2025-07-15,2025-07-15,2025-07-15T05:28,2025-07-15T18:49,2.78,48114.73,96,29.9,9.36,8.45,26.0,2025-07-16T13:00,900,30.0,77,100
2025-07-15T12:00,414.8,29.8,969.2,79,9.0,0.0,0.0,100,1,36.0,70,0.3,0.3,1000.8,21000.0,31.4,30.4,8.45,8.9,415.0,30.0,30.0,2025-07-15 12:00:00,22.205092599903324,81.8004623988873,2025-07-15,2025-07-15,2025-07-15T05:28,2025-07-15T18:49,2.78,48114.73,96,29.9,9.36,8.45,26.0,2025-07-16T13:00,900,30.0,77,100
2025-07-15T13:00,335.5,29.9,968.7,79,7.7,0.0,0.0,100,1,36.3,80,1.0,1.0,1000.2,24140.0,31.1,30.4,7.4,8.6,346.0,17.0,16.5,2025-07-15 13:00:00,22.205092599903324,81.8004623988873,2025-07-15,2025-07-15,2025-07-15T05:28,2025-07-15T18:49,2.78,48114.73,96,29.9,9.36,8.45,26.0,2025-07-16T13:00,900,30.0,77,100
2025-07-15T14:00,301.7,29.5,968.2,81,8.7,0.0,0.0,100,1,35.9,73,2.5,2.5,999.7,24140.0,30.0,30.3,2.7,7.6,322.0,54.0,50.6,2025-07-15 14:00:00,22.205092599903324,81.8004623988873,2025-07-15,2025-07-15,2025-07-15T05:28,2025-07-15T18:49,2.78,48114.73,96,29.9,9.36,8.45,26.0,2025-07-16T13:00,900,30.0,77,100
2025-07-15T15:00,144.3,29.3,967.5,83,5.7,0.0,0.0,100,1,36.2,65,1.3,1.3,999.1,24140.0,30.1,29.5,1.85,5.95,161.0,5.0,4.5,2025-07-15 15:00:00,22.205092599903324,81.8004623988873,2025-07-15,2025-07-15,2025-07-15T05:28,2025-07-15T18:49,2.78,48114.73,96,29.9,9.36,8.45,26.0,2025-07-16T13:00,900,30.0,77,100
2025-07-15T16:00,158.9,29.5,967.1,82,4.5,0.0,0.0,100,1,36.6,53,0.3,0.3,998.6,24140.0,29.9,29.8,2.1,4.0,190.0,4.0,3.3,2025-07-15 16:00:00,22.205092599903324,81.8004623988873,2025-07-15,2025-07-15,2025-07-15T05:28,2025-07-15T18:49,2.78,48114.73,96,29.9,9.36,8.45,26.0,2025-07-16T13:00,900,30.0,77,100
2025-07-15T17:00,59.3,28.4,967.3,86,2.4,0.0,0.0,100,1,35.5,48,1.7,1.7,998.9,24140.0,28.4,28.9,1.7,2.05,82.0,0.0,0.0,2025-07-15 17:00:00,22.205092599903324,81.8004623988873,2025-07-15,2025-07-15,2025-07-15T05:28,2025-07-15T18:49,2.78,48114.73,96,29.9,9.36,8.45,26.0,2025-07-16T13:00,900,30.0,77,100
2025-07-15T18:00,13.1,28.1,967.8,90,2.2,0.0,0.0,100,1,35.4,33,0.0,0.0,999.5,24140.0,27.7,28.5,0.35,0.6,38.0,0.0,0.0,2025-07-15 18:00:00,22.205092599903324,81.8004623988873,2025-07-15,2025-07-15,2025-07-15T05:28,2025-07-15T18:49,2.78,48114.73,96,29.9,9.36,8.45,26.0,2025-07-16T13:00,900,30.0,77,100
2025-07-15T19:00,0.0,27.5,968.2,93,1.8,0.0,0.0,100,0,34.7,8,0.0,0.0,1000.0,17360.0,27.2,28.0,0.0,0.0,1.0,0.0,0.0,2025-07-15 19:00:00,22.205092599903324,81.8004623988873,2025-07-15,2025-07-15,2025-07-15T05:28,2025-07-15T18:49,2.78,48114.73,96,29.9,9.36,8.45,26.0,2025-07-16T13:00,900,30.0,77,100
2025-07-15T20:00,0.0,27.2,968.9,95,1.8,0.0,0.0,100,0,34.4,8,0.0,0.0,1000.7,24140.0,27.0,27.7,0.0,0.0,0.0,0.0,0.0,2025-07-15 20:00:00,22.205092599903324,81.8004623988873,2025-07-15,2025-07-15,2025-07-15T05:28,2025-07-15T18:49,2.78,48114.73,96,29.9,9.36,8.45,26.0,2025-07-16T13:00,900,30.0,77,100
2025-07-15T21:00,0.0,27.0,969.5,96,1.8,0.0,0.0,100,0,34.3,3,0.0,0.0,1001.4,9420.0,26.9,27.6,0.0,0.0,0.0,0.0,0.0,2025-07-15 21:00:00,22.205092599903324,81.8004623988873,2025-07-15,2025-07-15,2025-07-15T05:28,2025-07-15T18:49,2.78,48114.73,96,29.9,9.36,8.45,26.0,2025-07-16T13:00,900,30.0,77,100
2025-07-15T22:00,0.0,27.1,969.9,95,4.0,0.0,0.0,100,0,34.4,18,0.0,0.0,1001.8,19240.0,26.9,27.4,0.0,0.0,0.0,0.0,0.0,2025-07-15 22:00:00,22.205092599903324,81.8004623988873,2025-07-15,2025-07-15,2025-07-15T05:28,2025-07-15T18:49,2.78,48114.73,96,29.9,9.36,8.45,26.0,2025-07-16T13:00,900,30.0,77,100
2025-07-15T23:00,0.0,27.2,970.0,93,5.6,0.0,0.0,100,0,34.5,40,0.0,0.0,1001.9,19300.0,26.8,27.3,0.0,0.0,0.0,0.0,0.0,2025-07-15 23:00:00,22.205092599903324,81.8004623988873,2025-07-15,2025-07-15,2025-07-15T05:28,2025-07-15T18:49,2.78,48114.73,96,29.9,9.36,8.45,26.0,2025-07-16T13:00,900,30.0,77,100
2025-07-16T00:00,0.0,27.0,969.4,93,7.2,0.0,0.0,100,0,34.0,70,1.1,1.1,1001.3,24140.0,26.6,27.2,0.0,0.0,0.0,0.0,0.0,2025-07-16 00:00:00,22.205092599903324,81.8004623988873,2025-07-16,2025-07-16,2025-07-16T05:28,2025-07-16T18:49,1398.1,48076.34,95,30.0,9.56,4.5,25.6,2025-07-16T13:00,900,30.0,77,100
2025-07-16T01:00,0.0,26.5,969.1,94,10.7,0.0,0.0,100,0,32.9,75,2.2,2.2,1001.0,24140.0,26.3,27.0,0.0,0.0,0.0,0.0,0.0,2025-07-16 01:00:00,22.205092599903324,81.8004623988873,2025-07-16,2025-07-16,2025-07-16T05:28,2025-07-16T18:49,1398.1,48076.34,95,30.0,9.56,4.5,25.6,2025-07-16T13:00,900,30.0,77,100
2025-07-16T02:00,0.0,26.1,968.8,94,12.2,0.0,0.0,100,0,31.9,90,3.2,3.2,1000.7,24140.0,26.0,26.8,0.0,0.0,0.0,0.0,0.0,2025-07-16 02:00:00,22.205092599903324,81.8004623988873,2025-07-16,2025-07-16,2025-07-16T05:28,2025-07-16T18:49,1398.1,48076.34,95,30.0,9.56,4.5,25.6,2025-07-16T13:00,900,30.0,77,100
2025-07-16T03:00,0.0,25.8,968.5,95,13.7,0.0,0.0,100,0,31.5,90,1.8,1.8,1000.5,24140.0,25.8,26.6,0.0,0.0,0.0,0.0,0.0,2025-07-16 03:00:00,22.205092599903324,81.8004623988873,2025-07-16,2025-07-16,2025-07-16T05:28,2025-07-16T18:49,1398.1,48076.34,95,30.0,9.56,4.5,25.6,2025-07-16T13:00,900,30.0,77,100
2025-07-16T04:00,0.0,25.6,968.5,95,11.1,0.1,0.0,100,0,31.4,80,0.7,0.8,1000.5,24140.0,25.7,26.4,0.0,0.0,0.0,0.0,0.0,2025-07-16 04:00:00,22.205092599903324,81.8004623988873,2025-07-16,2025-07-16,2025-07-16T05:28,2025-07-16T18:49,1398.1,48076.34,95,30.0,9.56,4.5,25.6,2025-07-16T13:00,900,30.0,77,100
2025-07-16T05:00,0.0,25.8,969.3,95,10.5,0.1,0.0,100,1,31.7,70,1.5,1.6,1001.3,24140.0,25.8,26.4,0.0,0.0,0.0,0.0,0.0,2025-07-16 05:00:00,22.205092599903324,81.8004623988873,2025-07-16,2025-07-16,2025-07-16T05:28,2025-07-16T18:49,1398.1,48076.34,95,30.0,9.56,4.5,25.6,2025-07-16T13:00,900,30.0,77,100
2025-07-16T06:00,25.0,25.6,969.8,94,10.5,0.0,0.0,100,1,31.4,48,0.9,0.9,1001.8,24140.0,25.8,26.3,0.05,0.3,12.0,0.0,0.0,2025-07-16 06:00:00,22.205092599903324,81.8004623988873,2025-07-16,2025-07-16,2025-07-16T05:28,2025-07-16T18:49,1398.1,48076.34,95,30.0,9.56,4.5,25.6,2025-07-16T13:00,900,30.0,77,100
2025-07-16T07:00,78.6,25.9,969.9,93,8.7,0.0,0.0,100,1,31.7,35,0.5,0.5,1001.9,24140.0,26.6,26.5,0.15,1.5,59.0,0.0,0.0,2025-07-16 07:00:00,22.205092599903324,81.8004623988873,2025-07-16,2025-07-16,2025-07-16T05:28,2025-07-16T18:49,1398.1,48076.34,95,30.0,9.56,4.5,25.6,2025-07-16T13:00,900,30.0,77,100
2025-07-16T08:00,189.0,26.5,970.1,90,11.5,0.0,0.0,100,1,32.0,53,0.0,0.0,1002.0,24140.0,27.5,27.0,0.45,3.35,160.0,0.0,0.0,2025-07-16 08:00:00,22.205092599903324,81.8004623988873,2025-07-16,2025-07-16,2025-07-16T05:28,2025-07-16T18:49,1398.1,48076.34,95,30.0,9.56,4.5,25.6,2025-07-16T13:00,900,30.0,77,100
2025-07-16T09:00,309.7,27.4,970.2,87,12.2,0.0,0.0,100,1,33.0,55,0.2,0.2,1002.0,24140.0,29.1,27.8,0.8,5.35,279.0,37.0,41.1,2025-07-16 09:00:00,22.205092599903324,81.8004623988873,2025-07-16,2025-07-16,2025-07-16T05:28,2025-07-16T18:49,1398.1,48076.34,95,30.0,9.56,4.5,25.6,2025-07-16T13:00,900,30.0,77,100
2025-07-16T10:00,381.2,27.9,969.9,85,9.7,0.0,0.0,100,1,33.8,60,0.9,0.9,1001.7,24140.0,29.9,28.5,1.35,7.15,358.0,31.0,33.0,2025-07-16 10:00:00,22.205092599903324,81.8004623988873,2025-07-16,2025-07-16,2025-07-16T05:28,2025-07-16T18:49,1398.1,48076.34,95,30.0,9.56,4.5,25.6,2025-07-16T13:00,900,30.0,77,100
2025-07-16T11:00,508.8,29.1,969.9,80,6.3,0.0,0.0,100,1,35.3,60,0.1,0.1,1001.5,24140.0,32.0,29.8,2.8,8.35,494.0,77.0,79.3,2025-07-16 11:00:00,22.205092599903324,81.8004623988873,2025-07-16,2025-07-16,2025-07-16T05:28,2025-07-16T18:49,1398.1,48076.34,95,30.0,9.56,4.5,25.6,2025-07-16T13:00,900,30.0,77,100
2025-07-16T12:00,507.8,30.0,969.1,76,9.2,0.0,0.0,100,1,35.9,63,0.1,0.1,1000.6,24140.0,31.7,30.6,4.5,8.9,508.0,86.0,86.0,2025-07-16 12:00:00,22.205092599903324,81.8004623988873,2025-07-16,2025-07-16,2025-07-16T05:28,2025-07-16T18:49,1398.1,48076.34,95,30.0,9.56,4.5,25.6,2025-07-16T13:00,900,30.0,77,100
2025-07-16T13:00,289.0,29.9,968.5,78,9.2,0.0,0.0,100,1,36.1,85,0.4,0.4,1000.0,17720.0,30.0,30.0,3.8,8.6,298.0,12.0,11.6,2025-07-16 13:00:00,22.205092599903324,81.8004623988873,2025-07-16,2025-07-16,2025-07-16T05:28,2025-07-16T18:49,1398.1,48076.34,95,30.0,9.56,4.5,25.6,2025-07-16T13:00,900,30.0,77,100
2025-07-16T14:00,158.3,29.2,967.9,81,8.3,0.0,0.0,100,1,35.6,88,2.0,2.0,999.5,20620.0,28.8,29.3,3.9,7.6,169.0,1.0,0.9,2025-07-16 14:00:00,22.205092599903324,81.8004623988873,2025-07-16,2025-07-16,2025-07-16T05:28,2025-07-16T18:49,1398.1,48076.34,95,30.0,9.56,4.5,25.6,2025-07-16T13:00,900,30.0,77,100
2025-07-16T15:00,113.8,28.8,967.8,83,7.6,0.0,0.0,100,1,35.2,93,2.4,2.4,999.4,3500.0,28.7,28.9,2.65,5.95,127.0,0.0,0.0,2025-07-16 15:00:00,22.205092599903324,81.8004623988873,2025-07-16,2025-07-16,2025-07-16T05:28,2025-07-16T18:49,1398.1,48076.34,95,30.0,9.56,4.5,25.6,2025-07-16T13:00,900,30.0,77,100
2025-07-16T16:00,63.5,28.1,967.5,87,10.7,0.0,0.0,100,1,34.5,98,1.9,1.9,999.2,11520.0,27.9,28.4,1.0,3.95,76.0,0.0,0.0,2025-07-16 16:00:00,22.205092599903324,81.8004623988873,2025-07-16,2025-07-16,2025-07-16T05:28,2025-07-16T18:49,1398.1,48076.34,95,30.0,9.56,4.5,25.6,2025-07-16T13:00,900,30.0,77,100
2025-07-16T17:00,54.9,27.9,967.7,89,9.0,0.0,0.0,100,1,34.5,93,0.1,0.1,999.4,21700.0,27.8,28.2,0.15,2.0,76.0,0.0,0.0,2025-07-16 17:00:00,22.205092599903324,81.8004623988873,2025-07-16,2025-07-16,2025-07-16T05:28,2025-07-16T18:49,1398.1,48076.34,95,30.0,9.56,4.5,25.6,2025-07-16T13:00,900,30.0,77,100
2025-07-16T18:00,13.4,27.6,968.5,90,10.8,0.0,0.0,100,1,34.2,80,0.0,0.0,1000.3,24140.0,27.1,27.9,0.05,0.55,39.0,0.0,0.0,2025-07-16 18:00:00,22.205092599903324,81.8004623988873,2025-07-16,2025-07-16,2025-07-16T05:28,2025-07-16T18:49,1398.1,48076.34,95,30.0,9.56,4.5,25.6,2025-07-16T13:00,900,30.0,77,100
2025-07-16T19:00,0.0,27.3,969.4,92,12.8,0.0,0.0,100,0,33.9,70,0.0,0.0,1001.2,24140.0,26.8,27.5,0.0,0.0,1.0,0.0,0.0,2025-07-16 19:00:00,22.205092599903324,81.8004623988873,2025-07-16,2025-07-16,2025-07-16T05:28,2025-07-16T18:49,1398.1,48076.34,95,30.0,9.56,4.5,25.6,2025-07-16T13:00,900,30.0,77,100
2025-07-16T20:00,0.0,27.1,969.9,93,12.0,0.0,0.0,100,0,33.8,53,0.0,0.0,1001.8,24140.0,26.7,27.3,0.0,0.0,0.0,0.0,0.0,2025-07-16 20:00:00,22.205092599903324,81.8004623988873,2025-07-16,2025-07-16,2025-07-16T05:28,2025-07-16T18:49,1398.1,48076.34,95,30.0,9.56,4.5,25.6,2025-07-16T13:00,900,30.0,77,100
2025-07-16T21:00,0.0,26.9,970.3,92,12.0,0.0,0.0,100,0,33.3,53,0.0,0.0,1002.2,22420.0,26.5,27.1,0.0,0.0,0.0,0.0,0.0,2025-07-16 21:00:00,22.205092599903324,81.8004623988873,2025-07-16,2025-07-16,2025-07-16T05:28,2025-07-16T18:49,1398.1,48076.34,95,30.0,9.56,4.5,25.6,2025-07-16T13:00,900,30.0,77,100
2025-07-16T22:00,0.0,26.7,970.4,92,13.0,0.0,0.0,100,0,32.9,50,0.0,0.0,1002.3,24140.0,26.3,27.0,0.0,0.0,0.0,0.0,0.0,2025-07-16 22:00:00,22.205092599903324,81.8004623988873,2025-07-16,2025-07-16,2025-07-16T05:28,2025-07-16T18:49,1398.1,48076.34,95,30.0,9.56,4.5,25.6,2025-07-16T13:00,900,30.0,77,100
2025-07-16T23:00,0.0,26.5,970.2,92,11.5,0.0,0.0,100,0,32.7,35,0.0,0.0,1002.1,24140.0,26.1,26.8,0.0,0.0,0.0,0.0,0.0,2025-07-16 23:00:00,22.205092599903324,81.8004623988873,2025-07-16,2025-07-16,2025-07-16T05:28,2025-07-16T18:49,1398.1,48076.34,95,30.0,9.56,4.5,25.6,2025-07-16T13:00,900,30.0,77,100
2025-07-17T00:00,0.0,26.3,970.0,93,8.6,0.0,0.0,100,0,32.8,53,0.0,0.0,1002.0,24140.0,26.0,26.7,0.0,0.0,0.0,0.0,0.0,2025-07-17 00:00:00,22.205092599903324,81.8004623988873,2025-07-17,2025-07-17,2025-07-17T05:28,2025-07-17T18:49,12587.48,48036.68,96,30.2,12.0,8.85,25.5,2025-07-16T13:00,900,30.0,77,100
2025-07-17T01:00,0.0,26.1,969.9,94,9.2,0.0,0.0,100,0,32.4,63,0.9,0.9,1001.9,24140.0,25.9,26.6,0.0,0.0,0.0,0.0,0.0,2025-07-17 01:00:00,22.205092599903324,81.8004623988873,2025-07-17,2025-07-17,2025-07-17T05:28,2025-07-17T18:49,12587.48,48036.68,96,30.2,12.0,8.85,25.5,2025-07-16T13:00,900,30.0,77,100
2025-07-17T02:00,0.0,25.9,969.7,95,12.5,0.0,0.0,100,0,31.9,58,1.2,1.2,1001.7,24140.0,25.8,26.4,0.0,0.0,0.0,0.0,0.0,2025-07-17 02:00:00,22.205092599903324,81.8004623988873,2025-07-17,2025-07-17,2025-07-17T05:28,2025-07-17T18:49,12587.48,48036.68,96,30.2,12.0,8.85,25.5,2025-07-16T13:00,900,30.0,77,100
2025-07-17T03:00,0.0,25.6,969.7,95,11.4,0.0,0.0,100,0,31.4,58,3.0,3.0,1001.7,24140.0,25.6,26.3,0.0,0.0,0.0,0.0,0.0,2025-07-17 03:00:00,22.205092599903324,81.8004623988873,2025-07-17,2025-07-17,2025-07-17T05:28,2025-07-17T18:49,12587.48,48036.68,96,30.2,12.0,8.85,25.5,2025-07-16T13:00,900,30.0,77,100
2025-07-17T04:00,0.0,25.5,969.9,95,11.9,0.0,0.0,100,0,31.2,53,0.3,0.3,1001.9,24140.0,25.5,26.2,0.0,0.0,0.0,0.0,0.0,2025-07-17 04:00:00,22.205092599903324,81.8004623988873,2025-07-17,2025-07-17,2025-07-17T05:28,2025-07-17T18:49,12587.48,48036.68,96,30.2,12.0,8.85,25.5,2025-07-16T13:00,900,30.0,77,100
2025-07-17T05:00,0.0,25.5,970.3,95,11.9,0.0,0.0,100,1,31.1,43,0.0,0.0,1002.4,24140.0,25.5,26.1,0.0,0.0,0.0,0.0,0.0,2025-07-17 05:00:00,22.205092599903324,81.8004623988873,2025-07-17,2025-07-17,2025-07-17T05:28,2025-07-17T18:49,12587.48,48036.68,96,30.2,12.0,8.85,25.5,2025-07-16T13:00,900,30.0,77,100
2025-07-17T06:00,37.8,25.5,971.0,95,12.5,0.0,0.0,100,1,31.1,68,0.1,0.1,1003.1,24140.0,25.8,26.1,0.15,0.3,18.0,0.0,0.0,2025-07-17 06:00:00,22.205092599903324,81.8004623988873,2025-07-17,2025-07-17,2025-07-17T05:28,2025-07-17T18:49,12587.48,48036.68,96,30.2,12.0,8.85,25.5,2025-07-16T13:00,900,30.0,77,100
2025-07-17T07:00,104.0,25.7,971.5,93,9.5,0.0,0.0,100,1,31.3,78,0.7,0.7,1003.6,24140.0,26.5,26.3,0.7,1.5,78.0,0.0,0.0,2025-07-17 07:00:00,22.205092599903324,81.8004623988873,2025-07-17,2025-07-17,2025-07-17T05:28,2025-07-17T18:49,12587.48,48036.68,96,30.2,12.0,8.85,25.5,2025-07-16T13:00,900,30.0,77,100
2025-07-17T08:00,191.4,26.4,971.8,90,10.0,0.0,0.0,100,1,32.0,80,0.0,0.0,1003.8,24140.0,27.3,26.8,1.5,3.35,162.0,0.0,0.0,2025-07-17 08:00:00,22.205092599903324,81.8004623988873,2025-07-17,2025-07-17,2025-07-17T05:28,2025-07-17T18:49,12587.48,48036.68,96,30.2,12.0,8.85,25.5,2025-07-16T13:00,900,30.0,77,100
2025-07-17T09:00,294.2,27.1,971.8,89,10.8,0.0,0.0,100,1,32.7,68,0.2,0.2,1003.7,17080.0,29.2,27.6,3.75,5.35,265.0,34.0,37.7,2025-07-17 09:00:00,22.205092599903324,81.8004623988873,2025-07-17,2025-07-17,2025-07-17T05:28,2025-07-17T18:49,12587.48,48036.68,96,30.2,12.0,8.85,25.5,2025-07-16T13:00,900,30.0,77,100
2025-07-17T10:00,465.3,28.0,971.7,85,10.1,0.0,0.0,100,1,33.8,65,0.2,0.2,1003.5,11300.0,30.8,28.7,7.15,7.15,437.0,98.0,104.4,2025-07-17 10:00:00,22.205092599903324,81.8004623988873,2025-07-17,2025-07-17,2025-07-17T05:28,2025-07-17T18:49,12587.48,48036.68,96,30.2,12.0,8.85,25.5,2025-07-16T13:00,900,30.0,77,100
2025-07-17T11:00,571.7,29.1,971.6,81,8.0,0.0,0.0,100,1,35.2,70,0.1,0.1,1003.3,9300.0,32.7,30.0,8.35,8.35,555.0,162.0,166.9,2025-07-17 11:00:00,22.205092599903324,81.8004623988873,2025-07-17,2025-07-17,2025-07-17T05:28,2025-07-17T18:49,12587.48,48036.68,96,30.2,12.0,8.85,25.5,2025-07-16T13:00,900,30.0,77,100
2025-07-17T12:00,581.8,29.8,971.3,79,7.2,0.0,0.0,100,1,36.4,80,0.2,0.2,1002.9,12500.0,33.3,31.1,8.85,8.9,582.0,163.0,162.9,2025-07-17 12:00:00,22.205092599903324,81.8004623988873,2025-07-17,2025-07-17,2025-07-17T05:28,2025-07-17T18:49,12587.48,48036.68,96,30.2,12.0,8.85,25.5,2025-07-16T13:00,900,30.0,77,100
2025-07-17T13:00,489.7,30.2,970.7,76,8.7,0.0,0.0,100,1,36.2,80,0.3,0.3,1002.3,16580.0,31.6,31.2,8.45,8.6,505.0,165.0,160.0,2025-07-17 13:00:00,22.205092599903324,81.8004623988873,2025-07-17,2025-07-17,2025-07-17T05:28,2025-07-17T18:49,12587.48,48036.68,96,30.2,12.0,8.85,25.5,2025-07-16T13:00,900,30.0,77,100
2025-07-17T14:00,349.4,30.2,970.4,76,8.7,0.0,0.0,100,1,36.4,83,1.1,1.1,1001.9,24140.0,30.5,30.6,6.8,7.55,373.0,94.0,88.1,2025-07-17 14:00:00,22.205092599903324,81.8004623988873,2025-07-17,2025-07-17,2025-07-17T05:28,2025-07-17T18:49,12587.48,48036.68,96,30.2,12.0,8.85,25.5,2025-07-16T13:00,900,30.0,77,100
2025-07-17T15:00,197.1,29.0,970.3,80,14.6,0.0,0.0,100,1,34.5,80,3.5,3.5,1002.0,24140.0,28.4,29.7,3.65,5.9,220.0,35.0,31.4,2025-07-17 15:00:00,22.205092599903324,81.8004623988873,2025-07-17,2025-07-17,2025-07-17T05:28,2025-07-17T18:49,12587.48,48036.68,96,30.2,12.0,8.85,25.5,2025-07-16T13:00,900,30.0,77,100
2025-07-17T16:00,46.8,27.8,970.3,86,12.3,0.0,0.0,100,1,33.8,80,3.3,3.3,1002.1,24140.0,27.4,28.4,3.05,3.95,56.0,3.0,2.5,2025-07-17 16:00:00,22.205092599903324,81.8004623988873,2025-07-17,2025-07-17,2025-07-17T05:28,2025-07-17T18:49,12587.48,48036.68,96,30.2,12.0,8.85,25.5,2025-07-16T13:00,900,30.0,77,100
2025-07-17T17:00,39.0,27.5,970.6,89,6.9,0.0,0.0,100,1,34.2,83,1.7,1.7,1002.4,24140.0,27.7,28.2,0.65,2.05,54.0,1.0,0.7,2025-07-17 17:00:00,22.205092599903324,81.8004623988873,2025-07-17,2025-07-17,2025-07-17T05:28,2025-07-17T18:49,12587.48,48036.68,96,30.2,12.0,8.85,25.5,2025-07-16T13:00,900,30.0,77,100
2025-07-17T18:00,8.8,27.4,970.8,90,3.7,0.0,0.0,100,1,34.3,68,0.1,0.1,1002.7,24140.0,27.3,28.0,0.2,0.55,26.0,0.0,0.0,2025-07-17 18:00:00,22.205092599903324,81.8004623988873,2025-07-17,2025-07-17,2025-07-17T05:28,2025-07-17T18:49,12587.48,48036.68,96,30.2,12.0,8.85,25.5,2025-07-16T13:00,900,30.0,77,100
2025-07-17T19:00,0.0,27.1,971.5,92,4.7,0.0,0.0,100,0,34.0,45,0.6,0.6,1003.4,24140.0,26.8,27.6,0.0,0.0,1.0,0.0,0.0,2025-07-17 19:00:00,22.205092599903324,81.8004623988873,2025-07-17,2025-07-17,2025-07-17T05:28,2025-07-17T18:49,12587.48,48036.68,96,30.2,12.0,8.85,25.5,2025-07-16T13:00,900,30.0,77,100
2025-07-17T20:00,0.0,26.9,972.0,93,5.4,0.0,0.0,100,0,33.8,43,0.0,0.0,1004.0,24140.0,26.6,27.3,0.0,0.0,0.0,0.0,0.0,2025-07-17 20:00:00,22.205092599903324,81.8004623988873,2025-07-17,2025-07-17,2025-07-17T05:28,2025-07-17T18:49,12587.48,48036.68,96,30.2,12.0,8.85,25.5,2025-07-16T13:00,900,30.0,77,100
2025-07-17T21:00,0.0,26.7,972.8,94,6.6,0.0,0.0,100,0,33.5,33,0.2,0.2,1004.8,24140.0,26.4,27.1,0.0,0.0,0.0,0.0,0.0,2025-07-17 21:00:00,22.205092599903324,81.8004623988873,2025-07-17,2025-07-17,2025-07-17T05:28,2025-07-17T18:49,12587.48,48036.68,96,30.2,12.0,8.85,25.5,2025-07-16T13:00,900,30.0,77,100
2025-07-17T22:00,0.0,26.4,973.1,94,6.0,0.0,0.0,100,0,33.1,40,0.2,0.2,1005.1,24140.0,26.2,27.0,0.0,0.0,0.0,0.0,0.0,2025-07-17 22:00:00,22.205092599903324,81.8004623988873,2025-07-17,2025-07-17,2025-07-17T05:28,2025-07-17T18:49,12587.48,48036.68,96,30.2,12.0,8.85,25.5,2025-07-16T13:00,900,30.0,77,100
2025-07-17T23:00,0.0,26.1,972.9,95,4.9,0.0,0.0,100,0,32.7,35,1.3,1.3,1005.0,24140.0,26.1,26.8,0.0,0.0,0.0,0.0,0.0,2025-07-17 23:00:00,22.205092599903324,81.8004623988873,2025-07-17,2025-07-17,2025-07-17T05:28,2025-07-17T18:49,12587.48,48036.68,96,30.2,12.0,8.85,25.5,2025-07-16T13:00,900,30.0,77,100
2025-07-18T00:00,0.0,25.8,972.5,95,4.6,0.0,0.0,100,0,32.1,28,1.6,1.6,1004.6,24140.0,25.9,26.6,0.0,0.0,0.0,0.0,0.0,2025-07-18 00:00:00,22.205092599903324,81.8004623988873,2025-07-18,2025-07-18,2025-07-18T05:29,2025-07-18T18:49,31011.52,47995.82,95,31.8,18.77,8.6,25.0,2025-07-16T13:00,900,30.0,77,100
2025-07-18T01:00,0.0,25.6,972.3,96,3.4,0.0,0.0,100,0,32.1,28,1.7,1.7,1004.4,24140.0,25.8,26.5,0.0,0.0,0.0,0.0,0.0,2025-07-18 01:00:00,22.205092599903324,81.8004623988873,2025-07-18,2025-07-18,2025-07-18T05:29,2025-07-18T18:49,31011.52,47995.82,95,31.8,18.77,8.6,25.0,2025-07-16T13:00,900,30.0,77,100
2025-07-18T02:00,0.0,25.5,972.0,95,4.9,0.0,0.0,100,0,31.6,25,0.7,0.7,1004.1,24140.0,25.6,26.3,0.0,0.0,0.0,0.0,0.0,2025-07-18 02:00:00,22.205092599903324,81.8004623988873,2025-07-18,2025-07-18,2025-07-18T05:29,2025-07-18T18:49,31011.52,47995.82,95,31.8,18.77,8.6,25.0,2025-07-16T13:00,900,30.0,77,100
2025-07-18T03:00,0.0,25.3,972.1,95,7.1,0.0,0.0,100,0,31.1,30,0.6,0.5,1004.2,24140.0,25.4,26.2,0.0,0.0,0.0,0.0,0.0,2025-07-18 03:00:00,22.205092599903324,81.8004623988873,2025-07-18,2025-07-18,2025-07-18T05:29,2025-07-18T18:49,31011.52,47995.82,95,31.8,18.77,8.6,25.0,2025-07-16T13:00,900,30.0,77,100
2025-07-18T04:00,0.0,25.0,972.2,96,5.6,0.0,0.0,95,0,30.9,20,0.6,0.6,1004.4,24140.0,25.3,26.0,0.0,0.0,0.0,0.0,0.0,2025-07-18 04:00:00,22.205092599903324,81.8004623988873,2025-07-18,2025-07-18,2025-07-18T05:29,2025-07-18T18:49,31011.52,47995.82,95,31.8,18.77,8.6,25.0,2025-07-16T13:00,900,30.0,77,100
2025-07-18T05:00,0.0,25.0,972.6,97,6.1,0.0,0.0,94,1,30.9,23,0.1,0.1,1004.8,24140.0,25.2,25.9,0.0,0.0,0.0,0.0,0.0,2025-07-18 05:00:00,22.205092599903324,81.8004623988873,2025-07-18,2025-07-18,2025-07-18T05:29,2025-07-18T18:49,31011.52,47995.82,95,31.8,18.77,8.6,25.0,2025-07-16T13:00,900,30.0,77,100
2025-07-18T06:00,57.2,25.0,973.4,96,6.2,0.0,0.0,100,1,30.8,23,0.2,0.2,1005.6,24140.0,25.7,25.9,0.3,0.3,27.0,2.0,4.2,2025-07-18 06:00:00,22.205092599903324,81.8004623988873,2025-07-18,2025-07-18,2025-07-18T05:29,2025-07-18T18:49,31011.52,47995.82,95,31.8,18.77,8.6,25.0,2025-07-16T13:00,900,30.0,77,100
2025-07-18T07:00,114.8,25.3,974.1,96,4.4,0.0,0.0,100,1,31.3,23,0.5,0.5,1006.3,24140.0,26.5,26.3,1.5,1.5,86.0,9.0,12.0,2025-07-18 07:00:00,22.205092599903324,81.8004623988873,2025-07-18,2025-07-18,2025-07-18T05:29,2025-07-18T18:49,31011.52,47995.82,95,31.8,18.77,8.6,25.0,2025-07-16T13:00,900,30.0,77,100
2025-07-18T08:00,206.9,25.9,974.6,93,4.9,0.0,0.0,100,1,31.8,23,1.0,1.0,1006.8,24140.0,27.9,27.0,3.0,3.35,175.0,34.0,40.2,2025-07-18 08:00:00,22.205092599903324,81.8004623988873,2025-07-18,2025-07-18,2025-07-18T05:29,2025-07-18T18:49,31011.52,47995.82,95,31.8,18.77,8.6,25.0,2025-07-16T13:00,900,30.0,77,100
2025-07-18T09:00,332.1,26.6,974.8,91,3.8,0.0,0.0,100,1,32.8,23,0.8,0.8,1006.9,24140.0,29.9,27.9,4.3,5.4,299.0,85.0,94.4,2025-07-18 09:00:00,22.205092599903324,81.8004623988873,2025-07-18,2025-07-18,2025-07-18T05:29,2025-07-18T18:49,31011.52,47995.82,95,31.8,18.77,8.6,25.0,2025-07-16T13:00,900,30.0,77,100
2025-07-18T10:00,574.0,28.1,974.3,83,3.4,0.0,0.0,92,1,34.4,23,0.0,0.0,1006.2,24140.0,31.6,29.3,6.9,7.15,539.0,212.0,225.8,2025-07-18 10:00:00,22.205092599903324,81.8004623988873,2025-07-18,2025-07-18,2025-07-18T05:29,2025-07-18T18:49,31011.52,47995.82,95,31.8,18.77,8.6,25.0,2025-07-16T13:00,900,30.0,77,100
2025-07-18T11:00,657.2,29.1,973.8,79,4.3,0.0,0.0,100,1,35.9,23,0.0,0.0,1005.6,24140.0,33.4,30.6,8.15,8.4,638.0,362.0,372.9,2025-07-18 11:00:00,22.205092599903324,81.8004623988873,2025-07-18,2025-07-18,2025-07-18T05:29,2025-07-18T18:49,31011.52,47995.82,95,31.8,18.77,8.6,25.0,2025-07-16T13:00,900,30.0,77,100
2025-07-18T12:00,715.7,30.1,973.2,74,4.9,0.0,0.0,100,1,37.3,21,0.0,0.0,1004.8,24140.0,33.8,31.6,8.6,8.9,716.0,389.0,388.9,2025-07-18 12:00:00,22.205092599903324,81.8004623988873,2025-07-18,2025-07-18,2025-07-18T05:29,2025-07-18T18:49,31011.52,47995.82,95,31.8,18.77,8.6,25.0,2025-07-16T13:00,900,30.0,77,100
2025-07-18T13:00,649.7,30.9,972.6,71,5.5,0.0,0.0,100,1,37.7,20,0.0,0.0,1004.2,24140.0,33.8,32.3,8.5,8.6,670.0,317.0,307.4,2025-07-18 13:00:00,22.205092599903324,81.8004623988873,2025-07-18,2025-07-18,2025-07-18T05:29,2025-07-18T18:49,31011.52,47995.82,95,31.8,18.77,8.6,25.0,2025-07-16T13:00,900,30.0,77,100
2025-07-18T14:00,657.6,31.7,972.0,67,4.2,0.0,0.0,58,1,38.8,20,0.0,0.0,1003.4,24140.0,35.1,32.9,7.4,7.6,702.0,422.0,395.3,2025-07-18 14:00:00,22.205092599903324,81.8004623988873,2025-07-18,2025-07-18,2025-07-18T05:29,2025-07-18T18:49,31011.52,47995.82,95,31.8,18.77,8.6,25.0,2025-07-16T13:00,900,30.0,77,100
2025-07-18T15:00,558.1,31.8,971.2,67,4.7,0.0,0.0,95,1,38.4,25,0.1,0.1,1002.6,24140.0,34.4,33.1,3.75,5.95,623.0,428.0,383.4,2025-07-18 15:00:00,22.205092599903324,81.8004623988873,2025-07-18,2025-07-18,2025-07-18T05:29,2025-07-18T18:49,31011.52,47995.82,95,31.8,18.77,8.6,25.0,2025-07-16T13:00,900,30.0,77,100
2025-07-18T16:00,358.5,31.2,970.6,71,4.5,0.0,0.0,100,1,37.6,33,0.4,0.4,1002.1,24140.0,32.3,32.3,1.45,4.0,429.0,265.0,221.4,2025-07-18 16:00:00,22.205092599903324,81.8004623988873,2025-07-18,2025-07-18,2025-07-18T05:29,2025-07-18T18:49,31011.52,47995.82,95,31.8,18.77,8.6,25.0,2025-07-16T13:00,900,30.0,77,100
2025-07-18T17:00,169.5,30.9,970.3,72,3.9,0.0,0.0,100,1,37.3,38,0.2,0.2,1001.8,24140.0,30.7,31.3,1.7,2.05,235.0,91.0,65.6,2025-07-18 17:00:00,22.205092599903324,81.8004623988873,2025-07-18,2025-07-18,2025-07-18T05:29,2025-07-18T18:49,31011.52,47995.82,95,31.8,18.77,8.6,25.0,2025-07-16T13:00,900,30.0,77,100
2025-07-18T18:00,24.8,30.1,970.7,76,2.3,0.0,0.0,99,1,37.0,39,0.2,0.2,1002.3,24140.0,29.3,30.3,0.5,0.55,74.0,13.0,4.4,2025-07-18 18:00:00,22.205092599903324,81.8004623988873,2025-07-18,2025-07-18,2025-07-18T05:29,2025-07-18T18:49,31011.52,47995.82,95,31.8,18.77,8.6,25.0,2025-07-16T13:00,900,30.0,77,100
2025-07-18T19:00,0.0,29.6,971.4,80,1.5,0.0,0.0,73,0,36.6,37,0.0,0.0,1003.0,24140.0,28.6,29.5,0.0,0.0,2.0,0.0,0.0,2025-07-18 19:00:00,22.205092599903324,81.8004623988873,2025-07-18,2025-07-18,2025-07-18T05:29,2025-07-18T18:49,31011.52,47995.82,95,31.8,18.77,8.6,25.0,2025-07-16T13:00,900,30.0,77,100
2025-07-18T20:00,0.0,28.8,971.8,85,3.2,0.0,0.0,100,0,36.0,33,0.0,0.0,1003.5,24140.0,28.0,29.0,0.0,0.0,0.0,0.0,0.0,2025-07-18 20:00:00,22.205092599903324,81.8004623988873,2025-07-18,2025-07-18,2025-07-18T05:29,2025-07-18T18:49,31011.52,47995.82,95,31.8,18.77,8.6,25.0,2025-07-16T13:00,900,30.0,77,100
2025-07-18T21:00,0.0,28.7,972.2,86,2.5,0.0,0.0,100,0,36.1,26,0.0,0.0,1004.0,24140.0,28.0,28.7,0.0,0.0,0.0,0.0,0.0,2025-07-18 21:00:00,22.205092599903324,81.8004623988873,2025-07-18,2025-07-18,2025-07-18T05:29,2025-07-18T18:49,31011.52,47995.82,95,31.8,18.77,8.6,25.0,2025-07-16T13:00,900,30.0,77,100
2025-07-18T22:00,0.0,28.0,972.3,88,4.8,0.0,0.0,100,0,34.8,17,0.4,0.4,1004.1,24140.0,27.6,28.5,0.0,0.0,0.0,0.0,0.0,2025-07-18 22:00:00,22.205092599903324,81.8004623988873,2025-07-18,2025-07-18,2025-07-18T05:29,2025-07-18T18:49,31011.52,47995.82,95,31.8,18.77,8.6,25.0,2025-07-16T13:00,900,30.0,77,100
2025-07-18T23:00,0.0,26.9,971.9,90,10.9,0.0,0.0,100,0,32.8,10,2.6,2.6,1003.9,24140.0,26.8,28.0,0.0,0.0,0.0,0.0,0.0,2025-07-18 23:00:00,22.205092599903324,81.8004623988873,2025-07-18,2025-07-18,2025-07-18T05:29,2025-07-18T18:49,31011.52,47995.82,95,31.8,18.77,8.6,25.0,2025-07-16T13:00,900,30.0,77,100
